make,model,styles,wheelbase,construction,drive,year_start,year_end,alt_models,remarks,cluster_id,scope,confidence,note
Acura,2.2 CL,2d,106.9,u,f,1996,1999,Acura TL,New. Based on Accord chassis,005670,structural,edc-flagged,
Acura,"2.2, 3.0 CL",2d,106.9,u,f,1996,1999,,Based on Accord chassis,005670,structural,edc-flagged,
Acura,"2.3, 3.0 CL",2d,106.9,u,f,1996,1999,,,005670,structural,edc-flagged,
Acura,"2.5TL,3.2TL",4d,111.8,u,f,1996,1999,,,005670,structural,edc-flagged,
Acura,3.2 CL,2d,106.9,u,f,2001,2003,3.2 TL,,005970,structural,edc-flagged,
Acura,3.2 TL,4d,108.1,u,f,2000,2003,,,005970,structural,edc-flagged,
Acura,3.2TL,4d,108.1,u,f,2000,2003,,New. (Honda Accord chassis),005970,structural,edc-flagged,
Acura,3.5 RL,4d,114.6,u,f,1996,2004,,,005660,structural,edc,
Acura,Integra,"3d,5d","96.5,99.2",u,f,1986,1989,Honda Quint (Japan),Based on Honda Civic,004480,structural,edc,
Acura,Integra,"3d,5d","100.4,102.4",u,f,1990,1993,Honda Civic?,Based on Honda Civic,000721,structural,edc-flagged,
Acura,Integra,"3d,4d","101.2,103.1",u,f,1994,2001,Honda Civic?,Based on old Honda Civic,000731,structural,edc-flagged,
Acura,Integra,"3d,5d","101.2,103.1",u,f,1994,2001,Honda Civic?,Based on Honda Civic,000731,structural,edc-flagged,
Acura,Legend,4d,108.7,u,f,1986,1990,,,004470,structural,edc-flagged,
Acura,Legend,"2d,4d","106.5,108.7",u,f,1986,1990,,New Coupe,004470,structural,edc-flagged,
Acura,Legend,4d,114.6,u,f,1991,1995,,,004940,structural,edc-flagged,
Acura,Legend Coupe,2d,106.5,u,f,1988,1990,,,004470,structural,edc-flagged,
Acura,Legend Coupe,2d,111.4,u,f,1991,1995,,,004940,structural,edc-flagged,
Acura,MDX,SW,106.3,u,4,2001,2006,Pilot,,001670,structural,edc,
Acura,MDX,SW,108.3,u,4,2007,2012,,,006730,structural,edc,
Acura,MDX,SW,108.3,u,4,2007,2012,,,J37-LOOP,engine-loop,curated,shares 3.7L block
Acura,NSX,2d,99.6,u,r,1991,2005,,,004950,structural,edc,
Acura,RDX,SW,104.3,u,"f,4",2007,2012,CR-V,,006940,structural,edc,
Acura,RL,4d,110.2,u,4,2005,2012,,,006510,structural,edc,
Acura,RL,4d,110.2,u,4,2005,2012,,,J37-LOOP,engine-loop,curated,exact J37 match
Acura,RSX,3d,101.2,u,f,2002,2006,('01+) Honda Civic?,Civic Chassis,000751,structural,edc,
Acura,SLX,SW,104.3,u,4,1996,1999,Isuzu Trooper,,001710,structural,edc-flagged,
Acura,Spider,Cnv,88.6,u,r,1980,1993,,,000280,structural,edc,
Acura,TL,4d,107.9,u,f,2004,2008,,,006410,structural,edc,
Acura,TL,4d,109.3,u,f,2009,2012,,,006920,structural,edc,
Acura,TL,4d,109.3,u,f,2009,2012,,,J37-LOOP,engine-loop,curated,exact J37A4 match
Acura,TSX,4d,105.1,u,f,2004,2008,,,006400,structural,edc,
Acura,TSX,"4d, SW",106.5,u,f,2009,2012,,,006930,structural,edc,
Acura,TSX,4d,106.5,u,f,2009,2012,,,006930,structural,edc,
Acura,Vigor,4d,110.4,u,f,1992,1994,,,005110,structural,edc,
Acura,ZDX,SW,108.3,u,4,2010,2012,MDX,,006731,structural,edc,
Acura,ZDX,SW,108.3,u,4,2010,2012,MDX,,J37-LOOP,engine-loop,curated,shares 3.7L block
Alfa Romeo,164,4d,104.7,u,f,1991,1994,Saab 9000,,004400,structural,edc,
Alfa Romeo,8C Competizione,"2d, Conv",,u,r,2009,2010,,New Conv Spider,007200,structural,edc,
Alfa Romeo,8C Competizione,2d,,u,r,2009,2010,,New,007200,structural,edc,
Alfa Romeo,Milano,4d,98.8,u,r,1987,1989,,,004460,structural,edc,
Alfa Romeo,Spider,Cnv,88.6,u,r,1980,1993,,,000280,structural,edc,
Aston Mrtn,DB7,"2d,Cnv",,u,r,1997,2004,Jaguar XK8,,003691,structural,edc,
Aston Mrtn,DB7 Vantage,"2d,Cnv",,u,r,1997,2004,Jaguar XK8,,003691,structural,edc,
Aston Mrtn,DB9,"2d, Conv",107.9,u,r,2005,2012,Vantage,Conv. Is Volante.Also DBS,006520,structural,edc-flagged,
Aston Mrtn,Rapide,4d,117.7,u,r,2010,2012,DB9,,006520,structural,edc-flagged,
Aston Mrtn,Vanquish,2d,105.9,u,r,2002,2007,,Carbon-fiber/Alum Chassis,006170,structural,edc,
Aston Mrtn,Vantage,"2d, Conv",102.4,u,r,2005,2012,"DB9, DBS",,006520,structural,edc-flagged,
Aston Mrtn,Vantage,2d,102.4,u,r,2005,2012,DB9,,006520,structural,edc-flagged,
Aston Mrtn,Virage,"2d, Conv",,u,r,2012,2012,DB9,Conv. Is Volante,006520,structural,edc-flagged,
Audi,100,"4d,SW",105.8,u,f,1992,1996,,Also S4(AWD),001920,structural,edc,
Audi,"100,200","4d,SW",105.6,u,f,1983,1991,,,000300,structural,edc-flagged,
Audi,4000,"2d,4d",99.5,u,f,1980,1987,,,000290,structural,edc,
Audi,5000,4d,105.5,u,f,1980,1982,,,000300,structural,edc-flagged,
Audi,5000,"4d,SW",105.5,u,f,1983,1991,,,000300,structural,edc-flagged,
Audi,5000,4d,105.5,u,f,1983,1991,,,000300,structural,edc-flagged,
Audi,80,4d,100.2,u,f,1988,1992,,,001860,structural,edc,
Audi,"80,90",4d,100.2,u,f,1988,1992,,,001860,structural,edc,
Audi,90,4d,102.8,u,f,1993,1995,,,001870,structural,edc,
Audi,A3,SW,101.5,u,"f,4",2006,2012,,,001910,structural,edc,
Audi,A4,"4d, SW",103,u,"f,4",1996,2001,,Also S4,001880,structural,edc,
Audi,A4,4d,103,u,"f,4",1996,2001,,,001880,structural,edc,
Audi,A4,"4d,SW,Cnv",104.3,u,"f,4",2002,2005,,Also S4,001890,structural,edc,
Audi,A4,"4d, SW",104.3,u,"f,4",2002,2005,,,001890,structural,edc,
Audi,A4,Conv,104.3,u,"f,4",2005,2009,,Conv stays on old body,001891,structural,edc,
Audi,A4,"4d,SW,Cnv",104.3,u,"f,4",2005,2012,,Also S4,001891,structural,edc,
Audi,A4,4d,110.6,u,"f,4",2009,2012,A5,,001900,structural,edc,
Audi,A5,"2d, Conv",108.3,u,"f,4",2008,2012,A4,Also S5,001901,structural,edc,
Audi,A5,2d,108.3,u,"f,4",2008,2012,A4 (not conv),Also S5,001901,structural,edc,
Audi,A6,"4d,SW",105.8,u,"f,4",1992,1997,,,001920,structural,edc,
Audi,A6,"4d,SW",108.7,u,"f,4",1998,2004,Passat,Wagon is called Avant,001930,structural,edc,
Audi,A6,"4d,SW",111.9,u,"f,4",2005,2011,,Also S6,001940,structural,edc,
Audi,A6,4d,114.7,u,"f,4",2012,2012,A7,New,007550,structural,edc,
Audi,A7,5d,114.7,u,"f,4",2012,2012,A6,New,007550,structural,edc,
Audi,A8,4d,"113.4,118.5",u,"f,4",1997,2003,,,001950,structural,edc,
Audi,A8,4d,121,u,"f,4",2004,2010,,Also S8,001960,structural,edc,
Audi,A8,4d,121,u,"f,4",2011,2012,,Also S8,007240,structural,edc,
Audi,Allroad,SW,108.5,u,4,2001,2005,A6 Wagon(98-04),Basically a raised wagon,001932,structural,edc,
Audi,Cabriolet,Conv,100.6,u,f,1995,1998,Older 90,Based on 90 Series,001871,structural,edc,
Audi,Coupe,2d,99.5,u,f,1980,1987,,,000291,structural,edc,
Audi,Coupe,2d,99.5,u,f,1981,1987,,,000291,structural,edc,
Audi,Coupe,2d,100.4,u,f,1990,1991,Audi 80/90,,001861,structural,edc,
Audi,Q5,SW,110.5,u,4,2009,2012,,A4/A5 Chassis,001980,structural,edc,
Audi,Q7,SW,118,u,4,2007,2012,"Toureg, Cayenne",Stretched Toureg Chassis,001971,structural,edc,
Audi,R8,2d,104.3,u,4,2008,2012,Lamborghini Gallardo,,001991,structural,edc,
Audi,TT,"2d,Conv",95.4,u,"f,4",2000,2006,,,002000,structural,edc,
Audi,TT,"2d,Conv",97.2,u,4,2008,2012,,,002010,structural,edc,
Audi,V8,4d,106.4,u,a,1990,1994,,,002020,structural,edc,
BMW,1-Series,"2d,Cnv",104.7,u,r,2008,2012,,,001500,structural,edc,
BMW,1-Series,"2d,Cnv",104.7,u,r,2008,2012,,,N52-LOOP,engine-loop,curated,128i only — 135i turbo excluded
BMW,"128,135","2d,Cnv",104.7,u,r,2008,2012,,,001500,structural,edc,
BMW,"128,135","2d,Cnv",104.7,u,r,2008,2012,,,N52-LOOP,engine-loop,curated,128i only — 135i turbo excluded
BMW,3-Series,"2d,Conv",107.3,u,"r,4",2006,2012,,Old Chassis,001490,structural,edc,
BMW,3-Series,"2d,Conv",107.3,u,"r,4",2006,2012,,Old Chassis,N52-LOOP,engine-loop,curated,N52 NA badges only
BMW,3-Series,2/4/Cv/SW,107.3,u,"r,4",2006,2012,,,001490,structural,edc,
BMW,3-Series,2/4/Cv/SW,107.3,u,"r,4",2006,2012,,,N52-LOOP,engine-loop,curated,N52 NA badges only
BMW,3-Series,4d,110.6,u,"r,4",2012,2012,,New,007560,structural,edc,
BMW,3-Series,4d,110.6,u,"r,4",2012,2012,,New,N52-LOOP,engine-loop,curated,N52 NA badges only
BMW,"318,323,328","2d, Cnv",106.3,u,r,1992,1999,,"Cpe, Cnv stay on old body",001470,structural,edc,
BMW,"318,323,328","2d,4d,Cnv",106.3,u,r,1992,1999,,Also M3,001470,structural,edc,
BMW,"318,325","2d,4d",101.2,u,r,1984,1991,,,001460,structural,edc,
BMW,"318,325",2d,101.2,u,r,1984,1991,,New,001460,structural,edc,
BMW,"318,325","2d,4d,Cnv",106.3,u,r,1992,1999,,Also M3,001470,structural,edc,
BMW,"318,328","2d,4d,Cnv",106.3,u,r,1992,1999,,Also M3,001470,structural,edc,
BMW,318ti,3d,106.3,u,r,1996,1999,,,001471,structural,edc,
BMW,320,2d,101.2,u,r,1980,1983,,,000310,structural,edc,
BMW,"323,328","2d,4d,Cnv",106.3,u,r,1999,2006,,"New 2d,Cnv",001480,structural,edc,
BMW,"323,328",4d,106.3,u,r,1999,2006,,New (4d only),001480,structural,edc,
BMW,325,"2d,4d",101.2,u,r,1984,1991,,,001460,structural,edc,
BMW,325,"4d,2d",106.3,u,r,1992,1999,,,001470,structural,edc,
BMW,325,4d,106.3,u,r,1992,1999,,New,001470,structural,edc,
BMW,"325,330","2d,Cnv",106.3,u,"r,4",1999,2006,,Also M3. Old body,001480,structural,edc,
BMW,"325,330","2d,Cnv",106.3,u,"r,4",1999,2006,,Also M3. Old body,N52-LOOP,engine-loop,curated,E90 325i/330i
BMW,"325,330","2d,4d,Cnv",106.3,u,"r,4",1999,2006,,Also M3,001480,structural,edc,
BMW,"325,330","2d,4d,Cnv",106.3,u,"r,4",1999,2006,,Also M3,N52-LOOP,engine-loop,curated,E90 325i/330i
BMW,"325,330",4d,107.3,u,"r,4",2006,2012,,New,001490,structural,edc,
BMW,"325,330",4d,107.3,u,"r,4",2006,2012,,New,N52-LOOP,engine-loop,curated,E90 325i/330i
BMW,325C,Conv,101.2,u,r,1987,1993,Older 3 Series,Old body,001460,structural,edc,
BMW,"328,335",2/4/Cv/SW,107.3,u,"r,4",2006,2012,,,001490,structural,edc,
BMW,"328,335",2/4/Cv/SW,107.3,u,"r,4",2006,2012,,,N52-LOOP,engine-loop,curated,328i only — 335i turbo (N54/N55) excluded
BMW,"328,335","2d,4d,Cnv",107.3,u,"r,4",2006,2012,,,001490,structural,edc,
BMW,"328,335","2d,4d,Cnv",107.3,u,"r,4",2006,2012,,,N52-LOOP,engine-loop,curated,328i only — 335i turbo (N54/N55) excluded
BMW,5-Series,4d,116.9,u,r,2011,2012,,Also M5,007190,structural,edc-flagged,
BMW,5-Series GT,5d,120.9,u,r,2010,2012,,,007190,structural,edc-flagged,
BMW,"525,530,540",4d,108.7,u,r,1989,1995,,,001510,structural,edc,
BMW,"525,530,540","4d, SW",108.7,u,r,1996,2003,,Also M5,001520,structural,edc,
BMW,"525,530,540","4d,SW",108.7,u,r,1996,2003,,Also M5,001520,structural,edc,
BMW,"525,530,545",4d,113.7,u,r,2004,2010,,,001530,structural,edc,
BMW,"525,530,545",4d,113.7,u,r,2004,2010,,,N52-LOOP,engine-loop,curated,525i/528i/530i badges only — V8/545 excluded
BMW,"525,530,550",4d,113.7,u,r,2004,2010,,Also M5,001530,structural,edc,
BMW,"525,530,550",4d,113.7,u,r,2004,2010,,Also M5,N52-LOOP,engine-loop,curated,525i/528i/530i badges only — V8 excluded
BMW,"525,535",4d,108.7,u,r,1989,1995,,,001510,structural,edc,
BMW,"525,540",4d,108.7,u,r,1989,1995,,,001510,structural,edc,
BMW,528,4d,103.3,u,r,1980,1988,,,000320,structural,edc,
BMW,"528,535",4d,103.3,u,r,1980,1988,,,000320,structural,edc,
BMW,"528,535,550",4d,113.7,u,r,2004,2010,,Also M5,001530,structural,edc,
BMW,"528,535,550",4d,113.7,u,r,2004,2010,,Also M5,N52-LOOP,engine-loop,curated,525i/528i/530i badges only — V8/550 excluded
BMW,"528,540",4d,108.7,u,r,1996,2003,,,001520,structural,edc,
BMW,535,4d,103.3,u,r,1980,1988,,,000320,structural,edc,
BMW,6-Series,"2d,Conv",112.4,u,r,2012,2012,,New,007570,structural,edc,
BMW,633,2d,103.5,u,r,1980,1989,,,000330,structural,edc,
BMW,635,2d,103.3,u,r,1980,1989,,,000330,structural,edc,
BMW,645Ci,"2d, Conv",109.4,u,r,2004,2010,,,001540,structural,edc,
BMW,650Ci,"2d, Conv",109.4,u,r,2004,2010,,Also M6,001540,structural,edc,
BMW,7-Series,4d,"120.9,126.4",u,r,2009,2012,,,001580,structural,edc,
BMW,733,4d,110,u,r,1980,1987,,,000340,structural,edc,
BMW,735,4d,110,u,r,1980,1987,,,000340,structural,edc,
BMW,735i,4d,111.5,u,r,1988,1994,,,001550,structural,edc-flagged,
BMW,"735i,iL",4d,"111.5,116",u,r,1988,1994,750,L is Long WB,001550,structural,edc-flagged,
BMW,740,4d,115.4,u,r,1995,2001,,,001560,structural,edc,
BMW,"740,750",4d,"111.5,116",u,r,1988,1994,,L in Model is Long WB,001550,structural,edc-flagged,
BMW,"740,750",4d,115.4,u,r,1995,2001,,,001560,structural,edc,
BMW,"740i,iL",4d,"111.5,116",u,r,1988,1994,750,L is Long WB,001550,structural,edc-flagged,
BMW,"745, 745L",4d,"117.7,123.2",u,r,2002,2008,,,001570,structural,edc,
BMW,"745,745L,760L",4d,"117.7,123.2",u,r,2002,2008,,,001570,structural,edc,
BMW,750,4d,,u,r,2009,2012,,,001580,structural,edc,
BMW,"750,750L,760L",4d,"117.7,123.2",u,r,2002,2008,,,001570,structural,edc,
BMW,750iL,4d,116,u,r,1988,1994,740,,001550,structural,edc-flagged,
BMW,"840,850",2d,105.7,u,r,1991,1997,,,001590,structural,edc,
BMW,850,2d,105.7,u,r,1991,1997,,,001590,structural,edc,
BMW,X3,SW,110.1,u,4,2004,2010,,,001600,structural,edc,
BMW,X3,SW,110.1,u,4,2004,2010,,,N52-LOOP,engine-loop,curated,X3 3.0si 2007-2010 only — pre-2007 M54
BMW,X3,SW,110.6,u,4,2011,2012,,,007260,structural,edc-flagged,
BMW,X3,SW,110.6,u,4,2011,2012,,,N52-LOOP,engine-loop,curated,X3 xDrive28i 2011-2012 (N52)
BMW,X5,SW,111,u,4,2000,2006,,,001610,structural,edc,
BMW,X5,SW,115.5,u,4,2007,2012,X6,,001620,structural,edc,
BMW,X5,SW,115.5,u,4,2007,2012,X6,,N52-LOOP,engine-loop,curated,X5 3.0si/xDrive30i 2007-2010 only — later N55
BMW,X6,SW,116,u,4,2009,2012,X5,Fastback X5,001621,structural,edc,
BMW,Z3,Cnv,96.3,u,r,1996,2002,,"Also M Rdstr, M Coupe",001630,structural,edc,
BMW,Z4,"2d,Cnv",98.2,u,r,2003,2008,,,001640,structural,edc,
BMW,Z4,"2d,Cnv",98.2,u,r,2003,2008,,,N52-LOOP,engine-loop,curated,Z4 3.0si 2006-2008 only — earlier M54
BMW,Z4,Cnv,98.2,u,r,2003,2008,,,001640,structural,edc,
BMW,Z4,Cnv,98.2,u,r,2003,2008,,,N52-LOOP,engine-loop,curated,Z4 3.0si 2006-2008 only — earlier M54
BMW,Z4,Cnv,98.2,u,r,2009,2012,,,001650,structural,edc,
BMW,Z4,Cnv,98.2,u,r,2009,2012,,,N52-LOOP,engine-loop,curated,Z4 sDrive30i (E89)
BMW,Z8,Cnv,98.6,u,r,2001,2003,,,001660,structural,edc,
Bentley,Arnage,4d,122.7,f,r,1999,2009,"Brooklands, Azure",,005530,structural,edc-flagged,
Bentley,Azure,Conv,122.7,f,r,2007,2010,Arnage,,005530,structural,edc-flagged,
Bentley,Brooklands,2d,122.7,f,r,2008,2010,Arnage,,005530,structural,edc-flagged,
Bentley,"Brooklands, Turbo R","2d,4d,Cnv","120.5,124.5",f,r,1992,1998,Rolls-Royce,Azure is Conv,005520,structural,edc-flagged,
Bentley,Continental GT,2d,108.1,u,r,2004,2011,,"Also GTC, Speed",006291,structural,edc-flagged,
Bentley,Continental GT,2d,108.1,u,r,2012,2012,,Mild restyle,006292,structural,edc,
Bentley,Continental GTC,Conv,108.1,u,r,2004,2012,,,006291,structural,edc-flagged,
Bentley,"Contntl,R,Azure","2d,4d,Cnv","120.5,124.5",f,r,1980,2003,Rolls-Royce(Older),,005520,structural,edc-flagged,
Bentley,Flying Spur,4d,120.7,u,r,2006,2012,Continental GT,Stretched GT. Also Speed,006291,structural,edc-flagged,
Bentley,Mulsanne,4d,128.6,f,r,2011,2012,,,007250,structural,edc,
Buick,Apollo,"2d,3d,4d",111,f,r,1974,1979,Nova,Also Skylark,000010,structural,edc,
Buick,Century,"2d,4d,SW","112,116",f,r,1974,1977,Malibu,Also Regal,000020,structural,edc,
Buick,Century,"2d,4d,SW",108,f,r,1978,1981,Malibu,,000220,structural,edc-flagged,
Buick,Century,"2d,4d",105,u,f,1982,1996,Cutl Ciera,,002210,structural,edc,
Buick,Century,"2d,4d.SW",105,u,f,1982,1996,Celebrity,,002210,structural,edc,
Buick,Century,"2d,4d,SW",105,u,f,1982,1996,Celebrity,,002210,structural,edc,
Buick,Century,4d,109,u,f,1997,2005,Grand Prix,,002220,structural,edc-flagged,
Buick,"Century,Regal",4d,109,u,f,1997,2005,Grand Prix,,002220,structural,edc-flagged,
Buick,Electra,"2d,4d",127,f,r,1974,1976,GM Fullsize(Watch WB),,000030,structural,edc-flagged,
Buick,Electra,"2d,4d",119,f,r,1977,1984,98,Also see LeSabre,000200,structural,edc-flagged,
Buick,Electra,"2d,4d",110.8,u,f,1985,1990,"98,DeVille",,002300,structural,edc-flagged,
Buick,Enclave,SW,118.9,u,"f,4",2008,2012,"Outlk, Acad.,Traverse",,002170,structural,edc,
Buick,Estate Wagon,SW,116,f,r,1977,1990,Older GM Fullsize RWD,Same old RWD car,000200,structural,edc-flagged,
Buick,LaCrosse,4d,110.5,u,f,2005,2009,"Impala,older GrPrix",,002650,structural,edc,
Buick,LaCrosse,4d,111.7,u,f,2010,2012,,,003150,structural,edc,
Buick,LeSabre,"2d,4d,SW 123.5,127(S",,f,r,1974,1976,GM Fullsize(Watch WB),Wagon Estate Wagon,000030,structural,edc-flagged,
Buick,LeSabre,"2d,4d,SW",116,f,r,1977,1985,Caprice,Same old RWD car,000200,structural,edc-flagged,
Buick,LeSabre,"2d,4d",110.8,u,f,1986,1991,"88,Bonneville",,002303,structural,edc,
Buick,LeSabre,4d,110.8,u,f,1992,1999,"88,Bonneville",,002304,structural,edc,
Buick,LeSabre,4d,112.2,u,f,2000,2005,"Bonneville, Park Ave.",,002321,structural,edc-flagged,
Buick,Lucerne,4d,115.6,u,f,2006,2011,DTS,,002640,structural,edc,
Buick,Park Avenue,"2d,4d",110.8,u,f,1991,1996,98,,002301,structural,edc,
Buick,Park Avenue,4d,113.8,u,f,1997,2005,"Bonnev,LeSabre",,002321,structural,edc-flagged,
Buick,Rainier,SUV,113,f,"r,4",2004,2007,"TrailBlazer,Envoy,etc",,002110,structural,edc-flagged,
Buick,Reatta,2d,98.5,u,f,1988,1991,Riviera(?),,002513,structural,edc,
Buick,Regal,"2d,4d",108,f,r,1978,1987,Cutlass Supreme,NOT Somerset,000221,structural,edc,
Buick,Regal,"2d,4d,SW",108,f,r,1978,1987,"Malibu,etc.",,000221,structural,edc,
Buick,Regal,2d,108,f,r,1978,1987,Monte Carlo,,000221,structural,edc,
Buick,Regal,"2d, 4d",107.5,u,f,1988,1997,This is the carryover,Watch Out! mid-year change!,002500,structural,edc-flagged,
Buick,Regal,2d,107.5,u,f,1988,1996,"Gr Prix,Cutl Supreme",,002500,structural,edc-flagged,
Buick,Regal,4d,107.8,u,f,2011,2012,Opel Insignia,Shortened Epsilon II,003151,structural,edc,
Buick,Rendezvous,Van?SUV?,112,u,"f,4",2002,2007,Pontiac Aztek(older),Based on Venture/Montana,002161,structural,edc-flagged,
Buick,Riviera,2d,122,f,r,1974,1976,Toronado(/Eldorado?),"Toro is FWD. Still,comparable",000040,structural,edc-flagged,
Buick,Riviera,2d,116,f,r,1977,1978,"LeSabre,etc",,000200,structural,edc-flagged,
Buick,Riviera,2d,114,f,f,1979,1985,"Toronado,Eldorado",,000250,structural,edc,
Buick,Riviera,2d,108,u,f,1986,1988,"Toronado,Eldorado",,002510,structural,edc,
Buick,Riviera,2d,108,u,f,1989,1993,Old Toronado,,002511,structural,edc,
Buick,Riviera,2d,113.8,u,f,1995,1999,"Aurora,Pk Ave,Seville",,002320,structural,edc,
Buick,Roadmaster,"4d,SW",115.9,f,r,1991,1996,Caprice,,002310,structural,edc-flagged,
Buick,Roadmaster,SW,115.9,f,r,1991,1996,Caprice,New,002310,structural,edc-flagged,
Buick,Skyhawk,3d,97,u,r,1975,1980,Monza,,000071,structural,edc,
Buick,Skyhawk,"2d,4d",101.2,u,f,1982,1991,Cavalier,,002240,structural,edc,
Buick,Skylark,"2d,3d,4d",111,f,r,1974,1979,Nova,Was Apollo also,000010,structural,edc,
Buick,Skylark,"2d,4d",105,u,f,1980,1985,Citation,,000350,structural,edc,
Buick,Skylark,"2d,4d",105,u,f,1980,1984,Citation,New,000350,structural,edc,
Buick,Skylark,"2d,4d",103.4,u,f,1985,1991,"GrandAm,Calais",,002230,structural,edc,
Buick,Skylark,"2d,4d",103.4,u,f,1992,1998,Older models,,002233,structural,edc,
Buick,Skylark,"2d,4d",103.4,u,f,1992,1998,Corsica/Beretta,,002232,structural,edc,
Buick,Somerset Regal,2d,103.4,u,f,1985,1991,"GrandAm,Calais",New.NOT plain Regal!,002230,structural,edc,
Buick,"Somerset,Skylark","2d,4d",103.4,u,f,1985,1991,"GrandAm,Calais",Coupe still Somerset Regal,002230,structural,edc,
Buick,Terraza,Van,121.1,u,"f,4",2005,2007,"Uplander, Relay",,002162,structural,edc,
Buick,Verano,4d,105.7,u,f,2012,2012,Cruze,New. (To Buick),007260,structural,edc-flagged,
Cadillac,60 Special,4d,113.8,u,f,1989,1993,"98,Electra(Fr-NoteWB)",Not Fleetwood any more,002300,structural,edc-flagged,
Cadillac,Allante,2d,99.4,u,f,1987,1993,,,002350,structural,edc,
Cadillac,Brougham,4d,121.5,f,r,1977,1992,Old GM Fullsize RWD,Same old RWD car,000200,structural,edc-flagged,
Cadillac,CTS,4d,113.4,u,r,2003,2007,STS,Also -V,002410,structural,edc-flagged,
Cadillac,CTS,"2d,4d, SW",113.4,u,r,2008,2012,,Also -V,002420,structural,edc-flagged,
Cadillac,CTS,"4d, SW",113.4,u,r,2008,2012,,New SW. Also -V,002420,structural,edc-flagged,
Cadillac,CTS,4d,113.4,u,r,2008,2012,,Also -V,002420,structural,edc-flagged,
Cadillac,Catera,4d,107.4,u,r,1997,2001,Opel(Ger.),,002430,structural,edc,
Cadillac,Catera,4d,107.4,u,r,1997,2001,Opel(Ger.),New,002420,structural,edc-flagged,
Cadillac,Cimarron,4d,101.2,u,f,1982,1988,Cavalier,,002240,structural,edc,
Cadillac,DTS,4d,115.3,u,f,2006,2011,Lucerne,,002640,structural,edc,
Cadillac,DeVille,"2d,4d",130,f,r,1974,1976,GM Fullsize(Watch WB),Also Calais,000030,structural,edc-flagged,
Cadillac,DeVille,"2d,4d",121.5,f,r,1977,1984,GM Fullsize,Note WB,000200,structural,edc-flagged,
Cadillac,DeVille,"2d,4d",110.8,u,f,1985,1988,"98,Electra","Also Fleetwood,NOT Brougham",002300,structural,edc-flagged,
Cadillac,DeVille,"2d,4d",110.8,u,f,1989,1993,"98,Electra(Front)",Not Fleetwood any more,002302,structural,edc-flagged,
Cadillac,DeVille,4d,113.8,u,f,1994,1999,92-97 Seville,,002520,structural,edc-flagged,
Cadillac,DeVille,4d,115.3,u,f,2000,2005,Older Seville,,002321,structural,edc-flagged,
Cadillac,"DeVille,Fleetwood","2d,4d",110.8,u,f,1989,1993,"98,Electra(Front)",,002302,structural,edc-flagged,
Cadillac,"DeVille,Fleetwood",2d,110.8,u,f,1989,1993,"98,Electra(Front)",,002302,structural,edc-flagged,
Cadillac,"DeVille,Fleetwood",4d,113.8,u,f,1989,1993,"98,Electra(Fr-NoteWB)","Restyle,stretched rear & WB",002302,structural,edc-flagged,
Cadillac,Eldorado,2d,126.3,f,f,1974,1978,Toronado?,,000041,structural,edc-flagged,
Cadillac,Eldorado,2d,114,f,f,1979,1985,"Toronado,Riviera",,000250,structural,edc,
Cadillac,Eldorado,2d,108,u,f,1986,1987,"Toronado,Riviera",,002510,structural,edc,
Cadillac,Eldorado,2d,108,u,f,1988,1991,"Toronado,Riviera",,002511,structural,edc,
Cadillac,Eldorado,2d,108,u,f,1992,2002,92-97 Seville,Same old car,002520,structural,edc-flagged,
Cadillac,Escalade,SUV,111.5,f,"r,4",1999,2000,"99-earlierTahoe,Yukon",Same old Truck,002042,structural,edc,
Cadillac,Escalade,SUV,117.5,f,"r,4",2001,2006,"Tahoe, Yukon",,002052,structural,edc-flagged,
Cadillac,Escalade,SUV,116,f,"r,4",2007,2012,"Tahoe, Yukon",,002062,structural,edc,
Cadillac,Escalade ESV,SUV,130,f,"r,4",2003,2006,"Suburban, Yukon XL",,002051,structural,edc,
Cadillac,Escalade ESV,SUV,130,f,"r,4",2007,2012,"Suburban, Yukon XL",,002061,structural,edc,
Cadillac,Escalade EXT,Pickup/SU,130,f,"r,4",2002,2006,Avalanche,Front same as Escalade,002053,structural,edc,
Cadillac,Escalade EXT,Pickup/SU,130,f,"r,4",2007,2012,Avalanche,Front same as Escalade,002063,structural,edc,
Cadillac,Fleetwood,4d,121.5,f,r,1993,1996,Caprice,,002310,structural,edc-flagged,
Cadillac,Fleetwood 60 Spc,4d,113.8,u,f,1989,1993,"98,Electra(Fr-NoteWB)",,002300,structural,edc-flagged,
Cadillac,Fleetwood Brghm,4d,121.5,f,r,1977,1992,Old GM Fullsize RWD,Same old RWD car,000200,structural,edc-flagged,
Cadillac,Fleetwood Brghm,"2d,4d",121.5,f,r,1977,1992,Old GM Fullsize RWD,Note WB.Was old DeVille,000200,structural,edc-flagged,
Cadillac,SRX,SUV,116.4,u,"r,4",2004,2009,03-07 CTS,,002411,structural,edc,
Cadillac,SRX,SUV,110.5,u,"r,4",2010,2012,Equinox(GM says NOT),,003161,structural,edc,
Cadillac,STS,4d,116.4,u,"r,4",2005,2011,03-07 CTS,Also -V,002410,structural,edc-flagged,
Cadillac,Seville,4d,114.3,f,r,1976,1979,Nova?,Basically a modified Nova,000011,structural,edc,
Cadillac,Seville,4d,114,f,f,1980,1985,,Basically a 4 door Eldorado,000251,structural,edc,
Cadillac,Seville,4d,108,u,f,1986,1991,,Basically a 4 door Eldorado,002512,structural,edc,
Cadillac,Seville,4d,111,u,f,1992,1997,Eldorado,,002520,structural,edc-flagged,
Cadillac,Seville,4d,112.2,u,f,1998,2004,"LeSbre,PkAv,Bonnev",,002321,structural,edc-flagged,
Cadillac,XLR,Conv,105.7,f,r,2004,2009,Corvette,Also -V,002290,structural,edc-flagged,
Chevrolet,"2500HD, 3500HD",Pickup,"119,133",f,"r,4",2001,2007,GMC Sierra HD,,002070,structural,edc,
Chevrolet,"2500HD, 3500HD",Pickup,"119,133",f,"r,4",2008,2012,GMC Sierra HD,,002080,structural,edc,
Chevrolet,Astro,MiniVan,111,f,"r,4",1985,2005,GMC Safari,,002120,structural,edc,
Chevrolet,Avalanche,Pickup/SU,130,f,"r,4",2002,2006,Escalade EXT,,002053,structural,edc,
Chevrolet,Avalanche,Pickup/SU,130,f,"r,4",2007,2012,Escalade EXT,,002063,structural,edc,
Chevrolet,Aveo,"4d, 5d",97.6,u,f,2004,2006,,,002360,structural,edc,
Chevrolet,Aveo,"4d, 5d",97.6,u,f,2007,2011,,,002361,structural,edc,
Chevrolet,Blazer,SUV,100.5,f,"r,4",1995,2005,"95-01 Jimmy, Bravada",,002101,structural,edc-flagged,
Chevrolet,"C,K",Pickup,"117.5,131.5",f,"r,4",1988,1999,GMC Sierra,(Some 99's were old body),002040,structural,edc,
Chevrolet,"C,K-10/20/30",Pickup,"117.5,131.5",f,"r,4",1980,1980,GMC 15/25/35,K=4WD,000360,structural,edc,
Chevrolet,"C,K-10/20/30",Pickup,"117.5,131.5",f,"r,4",1981,1987,GMC 15/25/35,,002030,structural,edc,
Chevrolet,"C,K-10/20/30",Pickup,"117.5,131.5",f,"r,4",1988,1999,GMC 15/25/35,,002040,structural,edc,
Chevrolet,"C,K-15/25/3500",Pickup,"117.5,131.5",f,"r,4",1988,1999,GMC Sierra 15/25/35,,002040,structural,edc,
Chevrolet,Camaro,2d,108,u,r,1974,1981,Firebird,,000050,structural,edc,
Chevrolet,Camaro,2d,101,u,r,1982,1992,Firebird,,002450,structural,edc,
Chevrolet,Camaro,2d,101,u,r,1982,1991,Firebird,,002450,structural,edc,
Chevrolet,Camaro,"2d, Conv",101.1,u,r,1993,1997,Firebird,,002460,structural,edc,
Chevrolet,Camaro,2d,101.1,u,r,1993,1997,Firebird,New,002460,structural,edc,
Chevrolet,Camaro,"2d, Conv",101.1,u,r,1998,2002,Firebird,,002461,structural,edc,
Chevrolet,Camaro,"2d, Conv",112.3,u,r,2010,2012,,,002471,structural,edc,
Chevrolet,Camaro,2d,112.3,u,r,2010,2012,,Zeta II Chassis (G8),002471,structural,edc,
Chevrolet,Caprice,"2d,4d,SW",116,f,r,1977,1990,Older cars,Same old RWD car,000200,structural,edc-flagged,
Chevrolet,Caprice,"4d,SW",115.9,f,r,1991,1996,"Cstm Cr,Rdmstr,Fltwd",Also Impala SS,002310,structural,edc-flagged,
Chevrolet,Cavalier,"2d,4d,SW",101.2,u,f,1982,1994,Sunbird,,002240,structural,edc,
Chevrolet,Cavalier,"2d,4d,Cnv",104.1,u,f,1995,2005,Sunfire,,002250,structural,edc,
Chevrolet,Cavalier,"2d,4d",104.1,u,f,1995,2005,Sunfire,New,002250,structural,edc,
Chevrolet,Celebrity,"2d,4d,SW",105,u,f,1982,1990,"6000,Cutl Ciera,Centu",,002210,structural,edc,
Chevrolet,Celebrity,"2d,4d",105,u,f,1982,1990,"6000,Cutl Ciera,Centu",,002210,structural,edc,
Chevrolet,Chevette,"3d,5d",94.3,u,r,1977,1987,T-1000,,000210,structural,edc,
Chevrolet,Chevette,3d,94.3,u,r,1977,1987,T-1000(later),New,000210,structural,edc,
Chevrolet,Citation,"2d,3d,5d",105,u,f,1980,1985,"Phoenix,Omega,Skylark",,000350,structural,edc,
Chevrolet,Citation,"3d,5d",105,u,f,1980,1985,"Phoenix,Omega,Skylark",,000350,structural,edc,
Chevrolet,Citation II,"3d,5d",105,u,f,1980,1985,Skylark,,000350,structural,edc,
Chevrolet,Citation II,"2d,3d,5d",105,u,f,1980,1985,"Phoenix,Omega,Skylark",,000350,structural,edc,
Chevrolet,Classic,4d,107,u,f,1997,2012,Cutlass(to 99),Was Malibu (watch out!),002400,structural,edc-flagged,
Chevrolet,Cobalt,"2d,4d",103.3,u,f,2005,2010,G5,,002260,structural,edc,
Chevrolet,Colorado,Pickup,"111.3,125.9",f,"r,4",2004,2012,Canyon,,002440,structural,edc-flagged,
Chevrolet,Corsica/Beretta,"2d,4d",103.4,u,f,1987,1996,"GrndAm,Achieva,Skylrk",,002232,structural,edc,
Chevrolet,Corsica/Beretta,"2d,4d",103.4,u,f,1987,1996,"GrndAm,Calais,Skylrk?",Less similar than other three,002231,structural,edc,
Chevrolet,Corvette,2d,98,f,r,1974,1982,,,000060,structural,edc,
Chevrolet,Corvette,2d,96.2,f,r,1984,1996,,,002270,structural,edc,
Chevrolet,Corvette,"2d,Cnv",104.5,f,r,1997,2004,,,002280,structural,edc,
Chevrolet,Corvette,2d,104.5,f,r,1997,2004,,New,002280,structural,edc,
Chevrolet,Corvette,"2d,Cnv",104.5,f,r,2005,2012,Old XLR,,002290,structural,edc-flagged,
Chevrolet,Cruze,4d,105.7,u,f,2011,2012,,,007260,structural,edc-flagged,
Chevrolet,El Camino,Car/Pckup,117,f,r,1980,1988,Caballero/Diablo,Also Malibu (Front Only),000222,structural,edc,
Chevrolet,Equinox,SW,112.5,u,"f,4",2005,2012,"Torrent, Vue",,002180,structural,edc,
Chevrolet,Equinox,SW,112.5,u,"f,4",2010,2012,"Terrain, SRX?",,003160,structural,edc,
Chevrolet,Express,Van,"135,155",u,r,2003,2012,GMC Savana,,002140,structural,edc,
Chevrolet,HHR,SW,103.5,u,f,2006,2011,,,002580,structural,edc,
Chevrolet,Impala,"2d,4d,SW 121.5,125(S",,f,r,1974,1976,GM Fullsize(Watch WB),Also Caprice,000030,structural,edc-flagged,
Chevrolet,Impala,"2d,4d,SW",116,f,r,1977,1988,"Bonneville,88,LeSabre",Also Caprice,000200,structural,edc-flagged,
Chevrolet,Impala,4d,110.5,u,f,2006,2012,"LaCrosse, Old GrPrix",,002650,structural,edc,
Chevrolet,"Impala,Monte Carlo","4d,2d",110.5,u,f,2000,2005,"Century,Grand Prix",,002220,structural,edc-flagged,
Chevrolet,"Impala,Monte Carlo","4d,2d",110.5,u,f,2006,2012,"Grand Prix, LaCrosse",,002650,structural,edc,
Chevrolet,K-5 Blazer,SUV,106.5,f,"r,4",1980,1980,"Jimmy,Fullsize Pickup",,000361,structural,edc,
Chevrolet,K-5 Blazer,SUV,106.5,f,"r,4",1981,1992,"Jimmy,P/U pre-88",,002032,structural,edc,
Chevrolet,K-5 Blazer,SUV,111.5,f,"r,4",1992,1999,"Yukon,Fullsize Pickup",,002042,structural,edc,
Chevrolet,LUV,Pickup,"102.4,117.9",f,"r,4",1980,1980,,Made by Isuzu,000370,structural,edc-flagged,
Chevrolet,LUV,Pickup,"104.3,117.9",f,"r,4",1981,1982,Isuzu,,000370,structural,edc-flagged,
Chevrolet,Laguna S3,2d,112,f,r,1974,1977,See Malibu,,000020,structural,edc,
Chevrolet,Lumina,"2d,4d",107.5,u,f,1990,1994,"Gr Prix,Cutl Sup,Regl",,002500,structural,edc-flagged,
Chevrolet,Lumina,4d,107.5,u,f,1995,2001,Older cars,Same old car,002500,structural,edc-flagged,
Chevrolet,Lumina APV,MiniVan,109.8,u,f,1990,1993,"TranSport,Silhouette",,002150,structural,edc,
Chevrolet,Lumina APV,MiniVan,109.8,u,f,1994,1996,"TranSport,Silhouette",,002151,structural,edc,
Chevrolet,"Lumina, Monte Carlo","4d,2d",107.5,u,f,1995,2001,Older cars,,002501,structural,edc,
Chevrolet,Malibu,"2d,4d,SW","112,116",f,r,1974,1977,"LeMans,Cutlass,Centur",,000020,structural,edc,
Chevrolet,Malibu,"2d,4d,SW",108,f,r,1978,1983,"LeMans,Cutlass,Centur",,000220,structural,edc-flagged,
Chevrolet,Malibu,4d,107,u,f,1997,2003,Cutlass(to 99),Cutlass discont. 2000,002400,structural,edc-flagged,
Chevrolet,Malibu,4d,106.3,u,f,2004,2007,"9-3, G6",,002370,structural,edc-flagged,
Chevrolet,Malibu,4d,,u,f,2008,2012,"Aura, G6, 9-3",,002371,structural,edc-flagged,
Chevrolet,Malibu Maxx,5d,112.3,u,f,2004,2007,"9-3, G6",,002370,structural,edc-flagged,
Chevrolet,Metro,"3d,4d",93.1,u,r,1995,2001,Suzuki Swift,Was Geo,002630,structural,edc-flagged,
Chevrolet,Monte Carlo,2d,116,f,r,1974,1977,Grand Prix,Also see Malibu,000021,structural,edc,
Chevrolet,Monte Carlo,2d,108,f,r,1978,1988,Older cars,Same old RWD car,000221,structural,edc,
Chevrolet,Monza,"2d,3d",97,u,r,1975,1980,"Sunbird,Starfire,Skyh",,000071,structural,edc,
Chevrolet,Nova,"2d,3d,4d",111,f,r,1974,1979,"Phoenix,Omega,Skylark",Also Concours,000010,structural,edc,
Chevrolet,Nova,"4d,5d",95.7,u,f,1985,1988,84-87 Toy. Corolla 4d,Watch out for diffrnt Corollas,001210,structural,edc-flagged,
Chevrolet,Nova,4d,95.7,u,f,1985,1988,84-87 Toy. Corolla 4d,Watch out for diffrnt Corollas,001210,structural,edc-flagged,
Chevrolet,Prizm,4d,97,u,f,1998,2002,Corolla (NOT '03),Was Geo,001260,structural,edc,
Chevrolet,"R,V-10/20/30",Pickup,"117.5,131.5",f,"r,4",1981,1987,GMC 15/25/35,,002030,structural,edc,
Chevrolet,S10,Pickup,"108,118",f,r,1982,1993,GMC S-15,New,002090,structural,edc,
Chevrolet,S10/T10,Pickup,"108,118,123",f,"r,4",1982,1993,GMC Sonoma,,002090,structural,edc,
Chevrolet,S10/T10,Pickup,,f,"r,4",1994,2004,"Sonoma, Isuzu Hombre",Old model crew cab still sold,002100,structural,edc,
Chevrolet,S10/T10 Blazer,SUV,100.5,f,"r,4",1983,1994,GMC Jimmy,Extra year on old body style,002091,structural,edc-flagged,
Chevrolet,SSR,Pickup,116,f,r,2004,2006,None,,002660,structural,edc,
Chevrolet,Silverado,Pickup,"119,133",f,"r,4",1999,2006,GMC Sierra,,002050,structural,edc,
Chevrolet,Silverado,Pickup,"133.9,143.5",f,"r,4",2007,2012,GMC Sierra,,002060,structural,edc,
Chevrolet,Silverado Classic,Pickup,"119,143.5",f,"r,4",1999,2007,GMC Sierra Classic,Continuation model,002050,structural,edc,
Chevrolet,Sonic,"4d, 5d",99.4,u,f,2012,2012,,New,007580,structural,edc,
Chevrolet,Spectrum,"3d,4d",94.5,u,f,1985,1989,Isuzu I-Mark,,002670,structural,edc,
Chevrolet,Sprint,"3d,5d",88.4,u,r,1985,1988,,Made by Suzuki,002680,structural,edc,
Chevrolet,Sprint,3d,88.4,u,r,1985,1988,,New. Made by Suzuki,002680,structural,edc,
Chevrolet,Suburban,SW,129.5,f,"r,4",1980,1980,Fullsize Pickups(Fr),Including GMC,000362,structural,edc,
Chevrolet,Suburban,SW,129.5,f,"r,4",1981,1991,Fullsize Pickups(Fr),,002031,structural,edc,
Chevrolet,Suburban,SW,131.5,f,"r,4",1992,1999,Fullsize Pickups(Fr),Old truck body still,002041,structural,edc-flagged,
Chevrolet,Suburban,SW,130,f,"r,4",2000,2006,"Yukon XL,Escalade ESV",,002051,structural,edc,
Chevrolet,Suburban,SW,130,f,"r,4",2007,2012,"Yukon XL,Escalade ESV",,002061,structural,edc,
Chevrolet,Tahoe,SUV,"111.5,117.5",f,"r,4",1992,1999,"Yukon, Escalade",Old truck body still,002042,structural,edc,
Chevrolet,Tahoe,SUV,116,f,"r,4",2000,2006,Yukon,,002052,structural,edc-flagged,
Chevrolet,Tahoe,SUV,116,f,"r,4",2007,2012,Yukon,,002062,structural,edc,
Chevrolet,Tracker,SUV,"86.6,97.6",u,"r,4",1989,1998,Suzuki Sidekick,,002190,structural,edc,
Chevrolet,Tracker,SUV,"86.6,97.6",u,"r,4",1999,2004,Suzuki Vitara,,002200,structural,edc-flagged,
Chevrolet,TrailBlazer,SUV,113,f,"r,4",2002,2012,"Envoy,9-7X,Ascender",,002110,structural,edc-flagged,
Chevrolet,"TrailBlazer,EXT",SUV,"113,129",f,"r,4",2002,2009,"Envoy,Ranier,9-7X,Asc",,002110,structural,edc-flagged,
Chevrolet,Traverse,SW,118.9,u,"f,4",2009,2012,"Outlk, Acad.,Enclave",,002170,structural,edc,
Chevrolet,Uplander,Van,121.1,u,"f,4",2005,2008,,,002162,structural,edc,
Chevrolet,Van/Express,Van,"135,155",u,r,1996,2002,GMC Savana,,002130,structural,edc,
Chevrolet,Van/Sportvan,Van,"125,146",u,r,1980,1995,GMC Vandura/Rally,,000380,structural,edc-flagged,
Chevrolet,Vega,"2d,3d,SW",97,u,r,1974,1977,Astre,,000070,structural,edc,
Chevrolet,Venture,Van,"112,120",u,f,1997,2005,Montana,Same old Venture,002160,structural,edc-flagged,
Chevrolet,Volt,4d,105.7,u,f,2011,2012,,Cruze chassis,007270,structural,edc,
Chrysler,200,"4d,Conv",108.9,u,f,2007,2012,Avenger,,003760,structural,edc,
Chrysler,300,4d,120,u,"r,4",2005,2012,Charger,,003710,structural,edc,
Chrysler,300,"4d 120,",,u,"r,4",2005,2012,"Charger, Magnum",,003710,structural,edc,
Chrysler,300M,4d,113,u,f,1999,2004,LHS(but shorter tail),,003562,structural,edc,
Chrysler,Aspen,SUV,119.2,f,"r,4",2006,2009,Durango,New(to Chrysler),003670,structural,edc,
Chrysler,Aspen,SW,119.2,f,"r,4",2007,2009,Durango,,003670,structural,edc,
Chrysler,Cirrus,4d,108,u,f,1995,2000,"Stratus, Breeze",,003500,structural,edc-flagged,
Chrysler,Concorde,4d,113,u,f,1993,1997,"Intrepid, Vision",,003460,structural,edc,
Chrysler,Concorde,4d,113,u,f,1998,2004,Intrepid,,003560,structural,edc,
Chrysler,Conquest,3d,95.9,u,r,1984,1989,,,004190,structural,edc,
Chrysler,Cordoba,2d,115,u,r,1975,1979,Magnum XE,,000080,structural,edc,
Chrysler,Cordoba,2d,112.7,u,r,1980,1983,Mirada,,000390,structural,edc,
Chrysler,Crossfire,2d,94.5,u,r,2004,2008,Mercedes SLK(97-04),,005631,structural,edc,
Chrysler,E-Class,4d,103.3,u,f,1983,1984,600 4d,,003210,structural,edc-flagged,
Chrysler,Imperial,"2d,4d",124,u,r,1974,1975,,,000120,structural,edc-flagged,
Chrysler,Imperial,2d,112.7,u,r,1981,1983,"Cordoba, Mirada",,000390,structural,edc,
Chrysler,Imperial,4d,109.6,u,f,1990,1993,Dynasty,Stretched 5th Ave,003350,structural,edc-flagged,
Chrysler,LHS,4d,113,u,f,1994,1997,"Concorde,etc.",Stretched LH,003461,structural,edc,
Chrysler,LHS,4d,113,u,f,1999,2001,Concorde(longer frnt),,003561,structural,edc,
Chrysler,Laser,3d,97,u,f,1984,1986,Daytona,,003240,structural,edc,
Chrysler,LeBaron,"2d,4d,SW","108.7,112.7",u,r,1977,1981,Diplomat,Wagon Town & Country,000191,structural,edc-flagged,
Chrysler,LeBaron,"2d,4d",112,u,r,1977,1981,Diplomat,New. Based on Aspen/Volare,000191,structural,edc-flagged,
Chrysler,LeBaron,"4d,SW",99.9,u,f,1982,1988,"Old 400, 600",Wagon Town & Country,003200,structural,edc-flagged,
Chrysler,LeBaron,"2d,4d,SW",99.9,u,f,1982,1988,600 2d,Wagon Town & Country,003200,structural,edc-flagged,
Chrysler,LeBaron 4dr,4d,103.5,u,f,1990,1994,"Acclaim,Spirit",,003360,structural,edc,
Chrysler,LeBaron Conv,Cnv,100.5,u,f,1987,1995,,,003310,structural,edc,
Chrysler,LeBaron E-Class,4d,103.3,u,f,1983,1984,600,New,003210,structural,edc-flagged,
Chrysler,LeBaron GTS,4d,103.3,u,f,1985,1989,Lancer,,003250,structural,edc,
Chrysler,LeBaron J,"2d,Cnv",100.5,u,f,1987,1995,,,003310,structural,edc,
Chrysler,N Y Brougham,"2d,4d",124,u,r,1976,1978,,Old Imperial,000120,structural,edc-flagged,
Chrysler,N Yorker 5th Ave,4d,112.7,u,r,1983,1989,"Diplomat,Gran Fury",,000191,structural,edc-flagged,
Chrysler,N Yorker 5th Ave,4d,109.6,u,f,1990,1993,Dynasty,Stretched WB NY Salon,003350,structural,edc-flagged,
Chrysler,New Yorker,"2d,4d",124,u,r,1974,1978,"Gran Fury,Royal Monac",,000120,structural,edc-flagged,
Chrysler,New Yorker,4d,112.7,u,r,1982,1982,Diplomat,Was LeBaron (Watch out!),000191,structural,edc-flagged,
Chrysler,New Yorker,4d,103.3,u,f,1983,1988,"600,Caravelle",,003210,structural,edc-flagged,
Chrysler,New Yorker,4d,103.3,u,f,1983,1989,E-Class,,003210,structural,edc-flagged,
Chrysler,New Yorker,4d,104.3,u,f,1988,1993,Dynasty,,003350,structural,edc-flagged,
Chrysler,New Yorker Salon,4d,104.5,u,f,1988,1993,Dynasty,,003350,structural,edc-flagged,
Chrysler,New Yorker Turbo,4d,103.3,u,f,1983,1988,"600, Caravelle",,003210,structural,edc-flagged,
Chrysler,"New Yorker,LHS",4d,113,u,f,1994,1997,"Concorde,etc.",Stretched LH,003461,structural,edc,
Chrysler,Newport,"2d,4d",124,u,r,1974,1978,,,000120,structural,edc-flagged,
Chrysler,"Newport,N Yorker",4d,118.5,u,r,1979,1981,"Gran Fury,St Regis",,000260,structural,edc,
Chrysler,PT Cruiser,4d,103,u,f,2001,2009,,,003610,structural,edc,
Chrysler,PT Cruiser,"4d,Conv",103,u,f,2001,2009,,,003610,structural,edc,
Chrysler,Pacifica,SW,116.3,u,"f,4",2004,2008,,,003680,structural,edc,
Chrysler,Prowler,2d,113.3,f,f,1998,2002,None!,Aluminum Chassis.Was Plymouth,003550,structural,edc,
Chrysler,Sebring,2d,103.7,u,f,1995,2000,Avenger,,003510,structural,edc,
Chrysler,Sebring,"4d,Conv","108,106",u,f,2001,2006,Stratus Sedan,NOT old Stratus Coupe,003590,structural,edc,
Chrysler,Sebring,"4d,Conv",108.9,u,f,2007,2012,Avenger,Soft- or Hard-roof for Conv,003760,structural,edc,
Chrysler,Sebring,4d,108.9,u,f,2007,2012,Avenger,New,003760,structural,edc,
Chrysler,Sebring Conv,Conv,106,u,f,1996,2000,"Cirrus, Stratus",Watch out!,003500,structural,edc-flagged,
Chrysler,Sebring Coupe,2d,103.7,u,f,2001,2005,Stratus Coupe,Based on Mitsu Eclipse,003580,structural,edc,
Chrysler,TC (Maserati),2d,93,u,f,1989,1991,LeBaron J?,,003380,structural,edc,
Chrysler,Town & Country,SW,124,u,r,1974,1977,"Gran Fury,Royal Monac",,000120,structural,edc-flagged,
Chrysler,Town & Country,Van,119.1,u,f,1990,1990,Grand Voyager/Caravan,New Chrysler model,003220,structural,edc-flagged,
Chrysler,Town & Country,Van,119.3,u,f,1991,1995,Grand Voyager/Caravan,,003221,structural,edc-flagged,
Chrysler,Town & Country,Van,"113.3,119.3",u,f,1996,2000,Voyager/Caravan,,003520,structural,edc-flagged,
Chrysler,Town & Country,Van,"112,119.3",u,"f,4",2001,2007,Caravan,,003600,structural,edc-flagged,
Chrysler,Town & Country,Van,121.2,u,f,2008,2012,"Gr Caravan, VW Routan",,003780,structural,edc,
Chrysler,"Voyager, Twn&Cntry",MiniVan,"112,119.3",u,f,1996,2000,"Caravan, Gr Caravan",Voyager was Plymouth,003520,structural,edc-flagged,
Chrysler,"Voyager,Tn & Cntry",Van,"112,119.3",u,"f,4",2001,2012,Caravan,,003600,structural,edc-flagged,
Daewoo,Lanos,"2d,4d",99.2,u,f,1999,2002,,,005880,structural,edc,
Daewoo,Leganza,4d,105.1,u,f,1999,2002,,,005870,structural,edc,
Daewoo,Nubira,4d,101.2,u,f,1999,2002,,,005860,structural,edc,
Daihatsu,Charade,3d,92.1,u,f,1988,1992,,New,004610,structural,edc,
Daihatsu,Charade,3d,92.1,u,f,1989,1992,,,004610,structural,edc,
Datsun,720,Pickup,"100.2,110",f,r,1980,1980,,,000400,structural,edc,
Datsun,720,Pickup,"101,111",f,"r,4",1981,1986,,,004020,structural,edc-flagged,
Dodge,400,"2d,4d",99.9,u,f,1982,1983,LeBaron,,003200,structural,edc-flagged,
Dodge,600,4d,103.3,u,f,1983,1988,"Caravelle,NY Turbo",Not plain New Yorker,003210,structural,edc-flagged,
Dodge,600,2d,99.9,u,f,1984,1986,LeBaron 2d,,003200,structural,edc-flagged,
Dodge,Aries,"2d,4d",99.6,u,f,1981,1989,Reliant,,003190,structural,edc,
Dodge,Aries,"2d,4d,SW",99.6,u,f,1981,1989,Reliant,,003190,structural,edc,
Dodge,Aspen,"2d,4d,SW","108.7,112.7",u,r,1976,1980,Volare,,000190,structural,edc,
Dodge,Avenger,2d,103.7,u,f,1995,2000,Sebring Coupe,,003510,structural,edc,
Dodge,Avenger,4d,108.9,u,f,2007,2012,200,,003760,structural,edc,
Dodge,Caliber,5d,103.7,u,f,2007,2012,"Compass, Patriot",,003750,structural,edc,
Dodge,Caravan,Van,"113.3,119.3",u,"f,4",2001,2007,Town&Country,,003600,structural,edc-flagged,
Dodge,"Caravan,Grand C.",Van,"112,119.1",u,f,1984,1990,Voyager,,003220,structural,edc-flagged,
Dodge,"Caravan,Grand C.",Van,"112.3,119.3",u,f,1991,1995,Voyager,,003221,structural,edc-flagged,
Dodge,"Caravan,Grand C.",Van,"113.3,119.3",u,"f,4",1996,2000,"Voyager,Town&Country",,003520,structural,edc-flagged,
Dodge,Caravan/MiniRamVan,MiniVan,112,u,f,1984,1990,Voyager,,003220,structural,edc-flagged,
Dodge,Cargo Van,Van,"109.6,127.6",u,r,1994,2003,,Was RamVan,000461,structural,edc,
Dodge,"Cargo Van, RamWagon",Van,"109.6,127.6",u,r,1994,2003,,Was RamVan,000461,structural,edc,
Dodge,Challenger,2d,108,u,r,1974,1974,Barracuda,,000090,structural,edc,
Dodge,Challenger,2d,99.6,u,r,1980,1983,Plymouth Sapporo,,000410,structural,edc,
Dodge,Challenger,2d,116,u,r,2008,2012,300?,Shortened 300 Chassis,003790,structural,edc,
Dodge,Charger,2d,115,u,r,1974,1979,Cordoba,Also Magnum XE,000080,structural,edc,
Dodge,Charger,2d,115,u,r,1974,1974,Sebring,,000100,structural,edc,
Dodge,Charger,2d,115,u,r,1975,1979,Cordoba,New,000080,structural,edc,
Dodge,Charger,3d,96.7,u,f,1979,1987,Turismo,Also Shelby,000231,structural,edc,
Dodge,Charger,4d,120,u,r,2006,2012,300,,003710,structural,edc,
Dodge,Colt,"3d,5d","90.6,93.6",u,f,1980,1984,Plymouth Colt,,000420,structural,edc,
Dodge,Colt,3d,90.6,u,f,1980,1984,Plymouth Champ,,000420,structural,edc,
Dodge,Colt,"2d,SW",99,u,r,1980,1980,Plymouth Arrow (2d),Watch Out! Different cars,000430,structural,edc-flagged,
Dodge,Colt,"3d,4d,5d","90.6,93.7",u,f,1985,1988,"Plym Colt, Mitsu Mira",,003890,structural,edc,
Dodge,Colt,3d,93.9,u,f,1989,1992,"Mirage,Summit",Also Plymouth,003370,structural,edc-flagged,
Dodge,Colt,"2d,4d","96.1,98.4",u,f,1993,1994,"Summit, Mitsu Mirage",Also sold as Plymouth,003440,structural,edc,
Dodge,Colt Vista,SW,103.3,u,f,1984,1991,Plymouth Colt Vista,,004250,structural,edc,
Dodge,Colt Vista,SW,103.3,u,f,1984,1989,Plymouth Colt Vista,New,004250,structural,edc,
Dodge,Conquest,3d,95.9,u,r,1984,1989,"Mitsu Starion, Ply Co",,004190,structural,edc,
Dodge,Coronet,"2d,4d,SW","115,117",u,r,1974,1978,Fury,,000100,structural,edc,
Dodge,"D,W-50",Pickup,109.4,f,r,1980,1986,Mitsubishi,W=4WD,000450,structural,edc-flagged,
Dodge,"D,W-50",Pickup,"105,116",f,"r,4",1987,1994,Mistubishi,W=4WD,003300,structural,edc-flagged,
Dodge,"D,W150/200/300",Pickup,"115,131",f,"r,4",1980,1993,,W=4WD,000440,structural,edc,
Dodge,"D,W150/250/350",Pickup,"115,131",f,"r,4",1980,1993,,W=4WD,000440,structural,edc,
Dodge,D-50,Pickup,109.4,f,r,1980,1986,Mitsubishi,,000450,structural,edc-flagged,
Dodge,Dakota,Pickup,"112,124",f,"r,4",1987,1996,,,003290,structural,edc,
Dodge,Dakota,Pickup,"111.9,130.9",f,"r,4",1997,2004,,,003540,structural,edc,
Dodge,Dakota,Pickup,131.3,f,"r,4",2005,2011,,,003671,structural,edc-flagged,
Dodge,Dart,"2d,4d","108,111",u,r,1974,1976,Valiant/Duster,,000110,structural,edc-flagged,
Dodge,Dart Swinger,2d,111,u,r,1974,1976,Scamp,,000110,structural,edc-flagged,
Dodge,Daytona,3d,97.2,u,f,1984,1993,84-86 Chrysler Laser,,003240,structural,edc,
Dodge,Diplomat,4d,112.7,u,r,1977,1989,"N Y 5th Ave,Gran Fury",,000191,structural,edc-flagged,
Dodge,Diplomat,4d,112.7,u,r,1977,1988,"N Y 5th Ave,Gran Fury",,000191,structural,edc-flagged,
Dodge,Diplomat,"2d,4d","108.7,112.7",u,r,1977,1989,LeBaron,,000191,structural,edc-flagged,
Dodge,Durango,SW,115.9,f,"r,4",1998,2003,Dakota (Frontal),,003541,structural,edc,
Dodge,Durango,SUV,115.9,f,"r,4",1998,2003,Dakota (Frontal),Based on Dakota,003541,structural,edc,
Dodge,Durango,SW,119.2,f,"r,4",2004,2009,Aspen,,003670,structural,edc,
Dodge,Durango,SUV,119.2,f,"r,4",2004,2009,Dakota (Frontal),Based on Dakota,003670,structural,edc,
Dodge,Durango,SUV,114.8,u,"r,4",2011,2012,"Gr Cherokee,12 M-B ML",,007280,structural,edc,
Dodge,Dynasty,4d,104.3,u,f,1988,1993,New Yorker,,003350,structural,edc-flagged,
Dodge,Grand Caravan,Van,121.2,u,f,2008,2012,"Town&Cntry, VW Routan",,003780,structural,edc,
Dodge,Intrepid,4d,113,u,f,1993,1997,"Concorde, Vision",,003460,structural,edc,
Dodge,Intrepid,4d,113,u,f,1998,2004,Concorde,,003560,structural,edc,
Dodge,Journey,SW,113.8,u,"f,4",2009,2012,"Sebring, Avenger",,003761,structural,edc,
Dodge,Lancer,4d,103.3,u,f,1985,1989,LeBaron 4dr (Was GTS),Not LeBaron J,003250,structural,edc,
Dodge,Magnum,SW,120,u,r,2005,2008,"Charger, 300",Basically a Charger Wagon,003710,structural,edc,
Dodge,Magnum XE,2d,115,u,r,1974,1979,Cordoba,Was Charger,000080,structural,edc,
Dodge,Mirada,2d,112.7,u,r,1980,1983,Cordoba,,000390,structural,edc,
Dodge,Monaco,"2d,4d,SW","115,117",u,r,1974,1978,Fury,Was Coronet,000100,structural,edc,
Dodge,Monaco,"2d,4d,SW 121,124(S",,u,r,1974,1978,Gran Fury,"Also Royal Monaco, Brougham",000120,structural,edc-flagged,
Dodge,Monaco,"2d,4d,SW","120,122",u,r,1974,1978,"Fury I,II,III",,000120,structural,edc-flagged,
Dodge,Monaco,4d,105.5,u,f,1990,1992,Premier,,003320,structural,edc,
Dodge,Neon,"2d,4d",104,u,f,1995,1999,Plymouth Neon,Also sold by Plymouth,003480,structural,edc,
Dodge,Neon,4d,105,u,f,2000,2005,Plymouth Neon 00-01,Also SRT-4,003481,structural,edc,
Dodge,Nitro,SW,108.8,f,"r,4",2007,2011,Jeep Liberty,,003770,structural,edc-flagged,
Dodge,Omni,5d,99.1,u,f,1978,1990,Horizon,,000230,structural,edc,
Dodge,Omni 024,3d,96.7,u,f,1979,1987,Horizon TC3,Also Charger,000231,structural,edc,
Dodge,Raider,SUV,92.5,f,4,1987,1989,Mistubishi Montero,,003280,structural,edc-flagged,
Dodge,Ram 15/25/3500,Pickup,"120.5,140.5",f,"r,4",2002,2005,,,003630,structural,edc,
Dodge,Ram 15/25/3500,Pickup,"120,140,160",f,"r,4",2006,2008,,,003730,structural,edc,
Dodge,Ram 1500,Pickup,"120,140",f,"r,4",2009,2012,,,003800,structural,edc,
Dodge,Ram HD 25/3500,Pickup,,f,"r,4",2003,2009,,Heavy Duty Chassis,003640,structural,edc,
Dodge,Ram HD 25/3500,Pickup,,f,"r,4",2010,2012,,New Heavy Duty,003810,structural,edc,
Dodge,Ram Pickup,Pickup,"115,131",f,"r,4",1980,1993,"Old D,W-150/etc.",W=4WD. NOT Ram 50!,000440,structural,edc,
Dodge,Ram Pickup,Pickup,"118.7,134.7",f,"r,4",1994,2001,,,003470,structural,edc,
Dodge,Ram Pickup,Pickup,,f,"r,4",2002,2005,,New,003630,structural,edc,
Dodge,Ram Van/Ram Wagon,Van,"109.6,127.6",u,r,1980,1993,,,000460,structural,edc-flagged,
Dodge,Ram Van/Ram Wagon,Van,"109.6,127.6",u,r,1994,2003,,,000461,structural,edc,
Dodge,Ramcharger,SUV,106,f,"r,4",1980,1993,"Trailduster(old),P/U",,000441,structural,edc,
Dodge,Rampage,Car/Pckup,104.2,u,f,1982,1984,Scamp,Also Horizon/Omni 3dr(Fr),000232,structural,edc,
Dodge,Royal Monaco,"2d,4d,SW 121,124(S",,u,r,1974,1978,Gran Fury,Was Monaco(watch out),000120,structural,edc-flagged,
Dodge,Shadow,"3d,5d",97.2,u,f,1987,1994,Sundance,,003260,structural,edc,
Dodge,Spirit,4d,103.3,u,f,1989,1994,"Acclaim,LeBaron",,003360,structural,edc,
Dodge,Sprinter,Van,"144.3,170.3",u,r,2004,2006,Mercedes Sprinter,Was sold as Freightliner,003650,structural,edc,
Dodge,Sprinter,Van,"144.3,170.3",u,r,2007,2012,Mercedes Sprinter,,003660,structural,edc,
Dodge,St Regis,4d,118.5,u,r,1979,1981,"Gran Fury,Newport/N Y",,000260,structural,edc,
Dodge,Stealth,2d,97.2,u,f,1991,1996,Mitsubishi 3000GT,,003400,structural,edc,
Dodge,Stratus,4d,108,u,f,1995,2000,"Cirrus,Breeze",,003500,structural,edc-flagged,
Dodge,Stratus,4d,108,u,f,2001,2006,Sebring Sedan,Coupe is DIFFERENT!,003590,structural,edc,
Dodge,Stratus Coupe,2d,103.7,u,f,2001,2005,Sebring Coupe,Based on Mitsu Eclipse,003580,structural,edc,
Dodge,Van/Sportsman,Van,"109,127",u,r,1980,1993,Voyager,,000460,structural,edc-flagged,
Dodge,Viper,"Rdstr,Cpe",96.2,f,r,1992,2002,None,,003420,structural,edc,
Dodge,Viper,Rdstr,96.2,f,r,1992,2002,None,,003420,structural,edc,
Dodge,Viper,Rdst,98.8,f,r,2003,2010,None,,003430,structural,edc,
Eagle,Eagle,SW,109.3,u,4,1974,1989,Old AMC Concord,4 Wheel Drive,003340,structural,edc,
Eagle,Medallion,"4d,SW","102.4,108.3",u,f,1988,1989,,Renault import,003330,structural,edc,
Eagle,Premier,4d,105.5,u,f,1988,1992,Monaco,,003320,structural,edc,
Eagle,Summit,4d,96.7,u,f,1989,1992,Mitsubishi Mirage,,003370,structural,edc-flagged,
Eagle,Summit,"2d,4d","96.1,98.4",u,f,1993,1996,Mitsu Mirage,,003440,structural,edc,
Eagle,Summit Wagon,SW,99.2,u,"f,4",1992,1996,Mitsubishi Expo LRV,,003410,structural,edc-flagged,
Eagle,Talon,3d,97.2,u,f,1990,1994,"Laser,Eclipse",,003390,structural,edc,
Eagle,Talon,3d,98.8,u,f,1995,1998,Mitsu Eclipse,Galant based,003490,structural,edc,
Eagle,Vision,4d,113,u,f,1993,1997,"Intrepid, Concorde",,003460,structural,edc,
Ferrari,308,2d,92.5,u,r,1980,1984,,New approx 1975,000470,structural,edc,
Ferrari,328,2d,92.5,u,r,1985,1988,,,000471,structural,edc,
Ferrari,328,2d,92.5,u,r,1985,1989,,,000471,structural,edc,
Ferrari,348,2d,96.5,u,r,1989,1994,,,004370,structural,edc,
Ferrari,355,2d,96.5,u,r,1995,1999,,,004380,structural,edc,
Ferrari,456GT,2d,102.4,u,r,1994,2004,,,005370,structural,edc,
Ferrari,456M,2d,102.4,u,r,1994,2004,,,005370,structural,edc,
Ferrari,458 Italia,"2d, Conv",104.3,u,r,2010,2012,,,007290,structural,edc,
Ferrari,458 Italia,2d,104.3,u,r,2010,2012,,New,007290,structural,edc,
Ferrari,512M,2d,100.4,u,r,1986,1996,Was Testarossa,,004450,structural,edc,
Ferrari,599GTB Fiorano,2d,108.3,u,r,2007,2012,,,006720,structural,edc,
Ferrari,612 Scaglietti,2d,116.1,u,r,2005,2011,,,006500,structural,edc,
Ferrari,California,Conv,105.1,u,r,2009,2012,,,007030,structural,edc,
Ferrari,F355,"2d,Conv",96.5,u,r,1995,1999,,Was 355,004380,structural,edc,
Ferrari,F360 Modena,"2d, Conv",,u,r,2000,2005,,,005960,structural,edc,
Ferrari,F360 Modena,2d,,u,r,2000,2005,,New,005960,structural,edc,
Ferrari,F40,2d,,u,r,1991,1992,,,004930,structural,edc,
Ferrari,F430,"2d, Conv",102,u,r,2006,2009,,,006640,structural,edc,
Ferrari,F550 Maranello,"2d, Conv",98.4,u,r,1997,2006,,Conv is Barchetta,005700,structural,edc,
Ferrari,F550 Maranello,2d,98.4,u,r,1997,2006,,,005700,structural,edc,
Ferrari,F575 Maranello,"2d, Conv",98.4,u,r,1997,2006,,Conv is Barchetta,005700,structural,edc,
Ferrari,FF,2d,117.7,u,4,2012,2012,,,007590,structural,edc,
Ferrari,Mondial,2d,,u,r,1989,1994,,,004690,structural,edc,
Ferrari,Testarossa,2d,100.4,u,r,1986,1996,,,004450,structural,edc,
Fiat,500,3d,90.6,u,f,2011,2012,,,007300,structural,edc,
Fisker,Karma,4d,124.4,u,r,2012,2012,,New Plug-in Hybrid,007540,structural,edc,
Ford,Aerostar,MiniVan,119,f,r,1986,1997,,,002690,structural,edc,
Ford,Aspire,"3d,5d","90.7,93.9",u,f,1994,1997,,,002700,structural,edc,
Ford,Bronco,SUV,105,f,4,1980,1987,Fullsize Pickups(Fr),,000482,structural,edc,
Ford,Bronco,SUV,105,f,4,1988,1991,Fullsize Pickups(Fr),,000483,structural,edc,
Ford,Bronco,SUV,104.7,f,4,1992,1996,Fullsize Pickups(Fr),,002741,structural,edc,
Ford,Bronco II,SUV,94,f,"r,4",1984,1988,Ranger (Fr),,002801,structural,edc-flagged,
Ford,Bronco II,SUV,94,f,"r,4",1989,1990,Ranger (Fr),,002801,structural,edc-flagged,
Ford,Contour,4d,106.5,u,f,1995,2000,Mystique,,002720,structural,edc,
Ford,Courier,Pickup,"106.9,112.8",f,r,1980,1982,Mazda B2000,,000490,structural,edc,
Ford,Crown Victoria,4d,114.4,f,r,1992,1997,Grand Marquis,,002840,structural,edc-flagged,
Ford,Crown Victoria,4d,114.7,f,r,1998,2002,Grand Marquis,,002841,structural,edc-flagged,
Ford,Crown Victoria,4d,114.7,f,r,2003,2010,Grand Marquis,,002842,structural,edc,
Ford,EXP,3d,94.0,u,f,1982,1986,LN7(82-83),,002882,structural,edc,
Ford,EXP,3d,94.2,u,f,1987,1988,,Same front as Escort,002881,structural,edc,
Ford,Econoline,Van,138,f,r,1992,2007,,,002890,structural,edc,
Ford,Econoline,Van,138,f,r,2008,2012,,,002900,structural,edc,
Ford,Econoline/ClubWagon,Van,"124,138",f,r,1980,1991,,E150/250/350,000500,structural,edc,
Ford,Econoline/ClubWagon,Van,138,f,r,1992,2007,,,002890,structural,edc,
Ford,Edge,SW,111.2,u,"f,4",2007,2012,Lincoln MKX,Restyle,002960,structural,edc,
Ford,Elite,2d,114,f,r,1974,1976,See Torino,"2.5"" more Front Overhang",000131,structural,edc,
Ford,Escape,SW,103.1,u,"f,4",2001,2012,Tribute,,003061,structural,edc,
Ford,Escape,SW,103.1,u,"f,4",2001,2012,"Mariner, Tribute",,003060,structural,edc,
Ford,Escape,SUV,103.1,u,"f,4",2001,2012,Mazda Tribute,Based on Contour chassis,003060,structural,edc,
Ford,Escort,"3d,5d,SW",94.2,u,f,1981,1985,Lynx,,002880,structural,edc,
Ford,Escort,"3d,5d,SW",94.2,u,f,1986,1990,Lynx(86-87),,002881,structural,edc,
Ford,Escort,"3d,4d,SW",98.4,u,f,1991,1996,Tracer,,002930,structural,edc,
Ford,Escort,"3d,4d,SW",98.4,u,f,1991,1995,Tracer,,002930,structural,edc,
Ford,Escort,"3,4,5d,SW",98.4,u,f,1991,1996,Tracer,,002930,structural,edc,
Ford,Escort,"3d,5d,SW",98.4,u,f,1991,1996,Tracer,New. Mazda 323 Based,002930,structural,edc,
Ford,Escort,"4d,SW",98.4,u,f,1997,2003,Tracer,Restyle,002940,structural,edc,
Ford,Escort ZX2,2d,98.4,u,f,1997,2003,Tracer (to 99),Same old Escort,002940,structural,edc,
Ford,"Escort, ZX2","2d, 4d",98.4,u,f,1997,2003,Tracer (to 99),Same old Escort,002940,structural,edc,
Ford,"Escort,ZX2","2d,4d",98.4,u,f,1997,2003,Tracer (to 99),,002940,structural,edc,
Ford,"Escort,ZX2","2d,4d,SW",98.4,u,f,1997,2003,Tracer,,002940,structural,edc,
Ford,Excursion,SUV,137.1,f,"r,4",2000,2005,Older SD Pickups,,002781,structural,edc,
Ford,Expedition,SUV,119,f,4,1997,2002,Lincoln Navigator,,002751,structural,edc,
Ford,Expedition,SW,119,f,"r,4",2003,2012,Lincoln Navigator,,002761,structural,edc-flagged,
Ford,Expedition,SUV,119,f,"r,4",2003,2012,Lincoln Navigator,,002761,structural,edc-flagged,
Ford,Expedition EL,SW,131,f,"r,4",2007,2012,Expedition,Just a longer Expedition,002761,structural,edc-flagged,
Ford,Explorer,SUV,"102,111.9",f,"r,4",1991,1994,,,002811,structural,edc-flagged,
Ford,Explorer,SUV,111.5,f,"r,4",1995,2001,Mountaineer,,002813,structural,edc,
Ford,Explorer,SUV,114,f,"r,4",2002,2005,"Mountaineer, Aviator",,002820,structural,edc,
Ford,Explorer,SW,114,f,"r,4",2006,2012,Mountaineer,,002830,structural,edc,
Ford,Explorer,SUV,114,f,"r,4",2006,2012,Mountaineer,Restyle,002830,structural,edc,
Ford,Explorer,SW,112.6,u,"r,4",2011,2012,,Taurus chassis,007310,structural,edc,
Ford,Explorer Sport,SUV,101.8,f,"r,4",2001,2003,Explorer Sport Trac,NOT 02-03 Explorer. Watch out,002814,structural,edc,
Ford,Explorer SportTrac,Pickup,125.9,f,"r,4",2001,2005,Explorer Sport(01-03),NOT 02+ Explorer. Watch out,002815,structural,edc,
Ford,Explorer SportTrac,Pickup,125.9,f,"r,4",2001,2012,Explorer Sport,4d Expl Sport w/Pickup bed,002815,structural,edc,
Ford,Explorer SportTrac,Pickup,125.9,f,"r,4",2007,2010,Explorer,Explorer w/Pickup bed,002831,structural,edc,
Ford,F100/150/250/350,Pickup,"117,133",f,"r,4",1980,1986,,,000480,structural,edc,
Ford,F100/150/250/350,Pickup,"117,133",f,"r,4",1987,1991,,,000481,structural,edc,
Ford,F100/150/250/350,Pickup,"116.8,133",f,"r,4",1992,1996,,,002740,structural,edc-flagged,
Ford,F150,Pickup,"119.9,138.8",f,"r,4",1997,2004,,,002750,structural,edc-flagged,
Ford,F150,Pickup,"126,139,145",f,"r,4",2004,2008,,,002760,structural,edc-flagged,
Ford,F150,Pickup 126 to 157,,f,"r,4",2009,2012,,,002770,structural,edc,
Ford,F150/250,Pickup,"119.9,138.8",f,"r,4",1997,2012,F350 still old body,New,002750,structural,edc-flagged,
Ford,F150/250 Heritage,Pickup,"119.9,138.8",f,"r,4",1997,2004,,Same Old Truck,002740,structural,edc-flagged,
Ford,F150/250/350,Pickup,"116.8,133",f,"r,4",1992,1996,,NOT New 97 model!,002740,structural,edc-flagged,
Ford,F150/250/350,Pickup,"119.9,138.8",f,"r,4",1997,2004,,,002750,structural,edc-flagged,
Ford,F250/350,Pickup,"119.9,138.8",f,"r,4",1999,2004,,Super Duty,002780,structural,edc-flagged,
Ford,F250/350,Pickup,,f,"r,4",2005,2008,,Super Duty,002790,structural,edc,
Ford,Fairmont,"2d,4d,SW",105.5,u,r,1978,1983,Zephyr,Also Futura (Coupe/diff. roofl,000240,structural,edc,
Ford,Festiva,3d,90.2,u,f,1988,1993,,Korean-made,003070,structural,edc,
Ford,Fiesta,"3d,4d,5d",98.0,u,r,2011,2012,Mazda 2,,007320,structural,edc-flagged,
Ford,Five Hundred,4d,112.9,u,"f,4",2005,2007,Montego,,003000,structural,edc-flagged,
Ford,Flex,SW,117.9,u,"f,4",2009,2012,,,003100,structural,edc,
Ford,Fmnt Futura,"2d,4d",105.5,u,r,1978,1983,Zephyr,,000240,structural,edc,
Ford,Focus,"3,4,5,SW",103,u,f,2000,2012,,Restyle 2005,002991,structural,edc,
Ford,Focus,"3,4,5,SW",103,u,f,2000,2012,,,002990,structural,edc,
Ford,Focus,"2d,4d,SW",103,u,f,2000,2012,,,002990,structural,edc,
Ford,Focus,"4d,5d",104.3,u,f,2012,2012,,New,007220,structural,edc,
Ford,Freestar,Van,120.8,u,f,2004,2007,Monterey,,003110,structural,edc,
Ford,Freestyle,SW,112.9,u,",4",2005,2009,,,003120,structural,edc,
Ford,Fusion,4d,107.4,u,"f,4",2006,2009,"Milan, MKZ",,002970,structural,edc,
Ford,Fusion,4d,107.4,u,"f,4",2010,2012,"Milan, MKZ",New Hybrid,002971,structural,edc,
Ford,GT,2d,106.7,u,r,2005,2006,None!,,002850,structural,edc,
Ford,Granada,"2d,4d",109.9,u,r,1975,1980,Monarch,,000180,structural,edc,
Ford,Granada,"2d,4d,SW",105.5,u,r,1981,1982,"Cougar,Fairmont",Fairmont Restyle,000248,structural,edc,
Ford,LTD,"2d,4d,SW",121,f,r,1974,1978,Monterey/Marquis,Also Custom 500,000140,structural,edc,
Ford,LTD,"2d,4d,SW",114.4,f,r,1979,1989,Marquis/Gr Marquis,Also LTD Crown Victoria,000270,structural,edc-flagged,
Ford,LTD,"2d,4d,SW",114.4,f,r,1979,1991,Marquis/Gr Marquis,Also LTD Crown Victoria,000270,structural,edc-flagged,
Ford,LTD,"4d,SW",105.5,u,r,1983,1986,Marquis,,000247,structural,edc,
Ford,LTD Crown Vic,"2d,4d,SW",114.4,f,r,1979,1991,Grand Marquis,,000270,structural,edc-flagged,
Ford,LTD Crown Victoria,"2d,4d,SW",114.4,f,r,1979,1991,Grand Marquis,NOT plain LTD (Watch out!),000270,structural,edc-flagged,
Ford,LTD II,"2d,4d,SW","114,118",f,r,1977,1979,Cougar,,000132,structural,edc,
Ford,Maverick,"2d,4d","103,109.9",u,r,1974,1977,Comet,,000150,structural,edc,
Ford,Mustang,"2d,3d",100.4,u,r,1979,1993,,,000242,structural,edc,
Ford,Mustang,"2d,3d",100.4,u,r,1979,1993,Capri,,000241,structural,edc,
Ford,Mustang,2d,101.3,u,r,1994,2004,,,000243,structural,edc,
Ford,Mustang,2d,107.1,u,r,2005,2009,,Also Shelby,002870,structural,edc,
Ford,Mustang,2d,107.1,u,r,2010,2012,,Also Shelby,002871,structural,edc,
Ford,MustangII,2d,96.2,u,r,1974,1978,,Based on Pinto,000161,structural,edc,
Ford,Pinto,"2d,3d,SW",94.5,u,r,1974,1980,Bobcat,,000160,structural,edc,
Ford,Probe,3d,99.0,u,f,1989,1992,,,003080,structural,edc,
Ford,Probe,3d,99.0,u,f,1989,1991,,,003080,structural,edc,
Ford,Probe,3d,102.9,u,f,1993,1997,Mazda MX-6,,003090,structural,edc,
Ford,Ranger,Pickup,"108,114,125",f,"r,4",1983,1988,,,002800,structural,edc,
Ford,Ranger,Pickup,"108,114,125",f,"r,4",1989,1992,,,002810,structural,edc,
Ford,Ranger,Pickup,"108,114,125",f,"r,4",1993,1997,Mazda B-Series,,002811,structural,edc-flagged,
Ford,Ranger,Pickup,"108,114,125",f,"r,4",1998,2011,Mazda B-Series,,002812,structural,edc,
Ford,Super Duty 250/350,Pickup,"119.9,138.8",f,"r,4",1998,2004,,,002780,structural,edc-flagged,
Ford,Super Duty 250/350,Pickup,"119.9,138.8",f,"r,4",1999,2004,,New,002780,structural,edc-flagged,
Ford,Super Duty 250/350,Pickup,"119.9,138.8",f,"r,4",2005,2012,,,002780,structural,edc-flagged,
Ford,Super Duty 250/350,Pickup,"119.9,138.8",f,"r,4",2005,2012,,New,002790,structural,edc,
Ford,Taurus,"4d,SW",106,u,f,1986,1991,Sable,,002910,structural,edc,
Ford,Taurus,"4d,SW",106,u,f,1992,1995,Sable,,002911,structural,edc,
Ford,Taurus,"4d,SW",108.5,u,f,1996,1999,Sable,,002920,structural,edc,
Ford,Taurus,4d,108.5,u,f,2000,2007,Sable (older),,002921,structural,edc,
Ford,Taurus,"4d,SW",108.5,u,f,2000,2007,Sable,,002921,structural,edc,
Ford,Taurus,4d,112.9,u,"f,4",2008,2009,Sable,,003000,structural,edc-flagged,
Ford,Taurus,4d,112.9,u,"f,4",2010,2012,,Also SHO,003170,structural,edc,
Ford,Taurus X,SW,112.9,u,",4",2005,2009,,Was Freestyle,003120,structural,edc,
Ford,Tempo,"2d,4d",99.9,u,f,1984,1994,Topaz,,003040,structural,edc,
Ford,Thunderbird,2d,120.4,f,r,1974,1976,Mark IV,,000170,structural,edc,
Ford,Thunderbird,2d,114,f,r,1977,1979,"Cougar XR7,LTD II",T'Bird now Torino-based,000132,structural,edc,
Ford,Thunderbird,2d,108.4,u,r,1980,1982,Cougar XR7,,000244,structural,edc,
Ford,Thunderbird,2d,104,u,r,1983,1986,Cougar XR7,,000245,structural,edc,
Ford,Thunderbird,2d,104,u,r,1987,1988,Cougar XR7,,000246,structural,edc,
Ford,Thunderbird,2d,113,u,r,1989,1997,Cougar,,003050,structural,edc,
Ford,Thunderbird,Conv,107.2,u,r,2002,2005,Lincoln LS? (frontal),Shortened LS Chassis,002861,structural,edc,
Ford,Torino,"2d,4d,SW","114,118",f,r,1974,1976,Montego/CougarXR7,Also Gran Torino,000130,structural,edc,
Ford,Transit Connect,Van,114.6,u,f,2010,2012,,,003180,structural,edc,
Ford,Windstar,MiniVan,120.7,u,f,1994,1998,,,002980,structural,edc,
Ford,Windstar,MiniVan,120.7,u,f,1999,2003,,,002981,structural,edc,
GMC,"2500HD, 3500HD",Pickup,"119,133",f,"r,4",2001,2007,Silverado HD,,002070,structural,edc,
GMC,"2500HD, 3500HD",Pickup,"119,133",f,"r,4",2008,2012,Silverado HD,,002080,structural,edc,
GMC,Acadia,SW,118.9,u,"f,4",2007,2012,"Enclave, Outlook",,002170,structural,edc,
GMC,"C,K-15/25/35",Pickup,"117.5,131.5",f,"r,4",1980,1980,"C,K-10/20/30",K=4WD,000360,structural,edc,
GMC,"C,K-15/25/35",Pickup,"117.5,131.5",f,"r,4",1981,1987,"C,K-10/20/30",,002030,structural,edc,
GMC,Caballero/Diablo,Car/Pckup,117,f,r,1980,1988,El Camino,Also Malibu (Front Only),000222,structural,edc,
GMC,Canyon,Pickup,"111.3,125.9",f,"r,4",2004,2012,Colorado,,002440,structural,edc-flagged,
GMC,Envoy,SUV,113,f,"r,4",2002,2012,TrailBlazer,,002110,structural,edc-flagged,
GMC,"Envoy, Envoy XL",SUV,"113,129",f,"r,4",2002,2009,TrailBlazer,Also Denali,002110,structural,edc-flagged,
GMC,Jimmy,SUV,106.5,f,"r,4",1980,1980,K-5 Blazer,,000361,structural,edc,
GMC,Jimmy,SUV,106.5,f,"r,4",1981,1991,K-5 Blazer(pre-88),,002032,structural,edc,
GMC,Jimmy,SUV,100.5,f,"r,4",1983,1994,S10/T10 Blazer,Extra year on old body style,002091,structural,edc-flagged,
GMC,Jimmy,SUV,100.5,f,"r,4",1995,2001,"Blazer, Bravada",Also Envoy,002101,structural,edc-flagged,
GMC,"R,V-15/25/35",Pickup,"117.5,131.5",f,"r,4",1981,1987,"R,V-10/20/30",,002030,structural,edc,
GMC,"R,V-1500/2500/3500",Pickup,"117.5,131.5",f,"r,4",1988,1999,"C,K-10/20/30",,002040,structural,edc,
GMC,S15,Pickup,"108,118",f,r,1982,1993,S10,New,002090,structural,edc,
GMC,S15/T15,Pickup,"108,118,123",f,"r,4",1982,1993,S10/T10,,002090,structural,edc,
GMC,S15/T15 Jimmy,SUV,100.5,f,"r,4",1983,1994,S10/T10 Blazer,,002091,structural,edc-flagged,
GMC,Safari,MiniVan,111,f,"r,4",1986,2005,Astro,,002120,structural,edc,
GMC,Savana,Van,"135,155",u,r,1996,2002,Chev Express,,002130,structural,edc,
GMC,Savana,Van,"135,155",u,r,2003,2012,Chev Express,,002140,structural,edc,
GMC,Sierra,Pickup,"117.5,131.5",f,"r,4",1988,1999,Chev C/K,(Some 99's were old body),002040,structural,edc,
GMC,Sierra,Pickup,"119,133",f,"r,4",1999,2006,Chev Silverado,Also Denali,002050,structural,edc,
GMC,Sierra,Pickup,"133.9,143.5",f,"r,4",2007,2012,Chev Silverado,,002060,structural,edc,
GMC,Sierra 15/25/3500,Pickup,"117.5,131.5",f,"r,4",1988,1999,"C,K-15/25/3500",,002040,structural,edc,
GMC,Sierra Classic,Pickup,"119,143.5",f,"r,4",1999,2007,Silverado Classic,Continuation model,002050,structural,edc,
GMC,Sonoma,Pickup,"108,118,123",f,"r,4",1982,1993,S10/T10,,002090,structural,edc,
GMC,Sonoma,Pickup,,f,"r,4",1994,2004,S10/T10,Old model crew cab still sold,002100,structural,edc,
GMC,Suburban,SW,129.5,f,"r,4",1980,1980,Fullsize Pickups(Fr),Including GMC,000362,structural,edc,
GMC,Suburban,SW,129.5,f,"r,4",1981,1991,Fullsize Pickups(Fr),,002031,structural,edc,
GMC,Suburban,SW,129.5,f,"r,4",1992,1999,Fullsize Pickups(Fr),Old truck body still,002041,structural,edc-flagged,
GMC,Suburban,SW,129.5,f,"r,4",1992,2012,Fullsize Pickups(Fr),Based on 88-on P/U,002041,structural,edc-flagged,
GMC,Terrain,SUV,112.5,u,"f,4",2010,2012,"Equinox, SRX?",,003160,structural,edc,
GMC,Vandura/Rally,Van,"110,125",u,r,1980,1995,Chev Sportvan,,000380,structural,edc-flagged,
GMC,Yukon,SUV,111.5,f,"r,4",1992,1999,"Tahoe, Escalade",Also Denali (Old truck body),002042,structural,edc,
GMC,Yukon,SUV,116,f,"r,4",2000,2006,Tahoe,Also Denali,002052,structural,edc-flagged,
GMC,Yukon,SUV,116,f,"r,4",2007,2012,Tahoe,,002062,structural,edc,
GMC,Yukon XL,SW,130,f,"r,4",2000,2006,Suburban,,002051,structural,edc,
GMC,Yukon XL,SW,130,f,"r,4",2007,2012,Suburban,,002061,structural,edc,
Geo,Metro,"3d,5d","89.2,93.1",u,r,1989,1994,Suzuki Swift,,002620,structural,edc-flagged,
Geo,Metro,"3d,4d",93.1,u,r,1995,1997,Suzuki Swift,,002630,structural,edc-flagged,
Geo,Prizm,"4d,5d",95.7,u,f,1989,1992,Toyota Corolla,,001240,structural,edc,
Geo,Prizm,4d,97.1,u,f,1993,1997,Toyota Corolla,,001250,structural,edc,
Geo,Prizm,"4d,5d",97.1,u,f,1993,1997,Toyota Corolla,,001250,structural,edc,
Geo,Spectrum,"3d,4d",94.5,u,f,1985,1989,Isuzu I-Mark,,002670,structural,edc,
Geo,Storm,3d,96.5,u,f,1990,1993,Isuzu Impulse 90,,002420,structural,edc-flagged,
Geo,Tracker,SUV,"86.6,97.6",u,"r,4",1989,1998,Suzuki Sidekick,,002190,structural,edc,
Honda,Accord,"3d,4d",93.7,u,f,1980,1981,,,000510,structural,edc,
Honda,Accord,"3d,4d",96.5,u,f,1982,1985,,,000640,structural,edc,
Honda,Accord,"2d,3d,4d",102.4,u,f,1986,1989,,,000650,structural,edc,
Honda,Accord,"3d,4d",102.4,u,f,1986,1989,,,000650,structural,edc,
Honda,Accord,"2d,4d",107.1,u,f,1990,1993,,,000660,structural,edc,
Honda,Accord,"2d,4d,SW",106.9,u,f,1994,1997,,V6 has extended nose,000670,structural,edc,
Honda,Accord,"2d,4d","105.1,106.9",u,f,1998,2002,,,000680,structural,edc,
Honda,Accord,"2d,4d","105.1,107.9",u,f,2003,2007,,,000690,structural,edc,
Honda,Accord,"2d,4d",110.2,u,f,2008,2012,,,000700,structural,edc,
Honda,CR-V,SW,103.2,u,"f,4",1997,2001,,,001770,structural,edc,
Honda,CR-V,SW,103.1,u,"f,4",2002,2006,,,001780,structural,edc,
Honda,CR-V,SW,103.1,u,"f,4",2007,2012,,,001790,structural,edc,
Honda,CR-Z,3d,95.9,u,f,2011,2012,,,007330,structural,edc,
Honda,Civic,"3d,SW","86.6,89.8",u,f,1980,1983,,,000520,structural,edc,
Honda,Civic,"3d,4d,SW","86.6,89.8",u,f,1980,1983,,New 4d,000520,structural,edc,
Honda,Civic,"3d,4d,SW",93.7,u,f,1984,1987,,,000710,structural,edc,
Honda,Civic,"3d,4d,SW",98.4,u,f,1988,1991,,,000720,structural,edc,
Honda,Civic,"2d,3d,4d",101.3,u,f,1992,1995,,,000730,structural,edc,
Honda,Civic,"3d,4d,SW",101.3,u,f,1992,1995,,,000730,structural,edc,
Honda,Civic,"2d,3d,4d",103.2,u,f,1996,2000,,,000740,structural,edc,
Honda,Civic,"2d,4d",103.2,u,f,2001,2005,,,000750,structural,edc,
Honda,Civic,"2d,4d","104.3,106.3",u,f,2006,2011,,,000760,structural,edc,
Honda,Civic,"2d,4d",105.1,u,f,2012,2012,,Restyle,000761,structural,edc,
Honda,Civic CRX,3d,86.6,u,f,1984,1987,,,000711,structural,edc,
Honda,Civic CRX,3d,90.6,u,f,1988,1991,,,000721,structural,edc-flagged,
Honda,Civic Del Sol,2d,93.3,u,f,1993,1997,,Based on Civic,000731,structural,edc-flagged,
Honda,Crosstour,5d,110.1,u,"f,4",2010,2012,ZDX?,Pilot/Accord based,000701,structural,edc,
Honda,Element,SW,101.5,u,4,2003,2011,,,001800,structural,edc,
Honda,FCX Clarity,4d,,u,f,2009,2012,,,001820,structural,edc,
Honda,Fit,SW,96.5,u,f,2007,2008,,,001830,structural,edc,
Honda,Fit,SW,98.4,u,f,2009,2012,,,001840,structural,edc,
Honda,Hummer H2,SUV,122.8,f,4,2003,2009,,Based on Suburban,002550,structural,edc,
Honda,Hummer H3,SUV,111.9,f,4,2006,2009,,New.Based on Colorado,002560,structural,edc,
Honda,Insight,2d,94.5,u,f,2000,2006,,,001850,structural,edc,
Honda,Insight,5d,100.4,u,f,2010,2012,,,007180,structural,edc,
Honda,Odyssey,Van,111.4,u,f,1995,1998,Isuzu Oasis,,001730,structural,edc,
Honda,Odyssey,Van,111.4,u,f,1995,1998,Isuzu Oasis,,J35-ADJ,engine-loop-partial,curated,3.5L variant — structural accessories only
Honda,Odyssey,Van,111.4,u,f,1999,2004,,,001740,structural,edc,
Honda,Odyssey,Van,111.4,u,f,1999,2004,,,J35-ADJ,engine-loop-partial,curated,3.5L variant — structural accessories only
Honda,Odyssey,Van,118.1,u,f,2005,2010,,,001750,structural,edc,
Honda,Odyssey,Van,118.1,u,f,2005,2010,,,J35-ADJ,engine-loop-partial,curated,3.5L variant — structural accessories only
Honda,Odyssey,Van,118.1,u,f,2011,2012,,,007340,structural,edc,
Honda,Odyssey,Van,118.1,u,f,2011,2012,,,J35-ADJ,engine-loop-partial,curated,3.5L variant — structural accessories only
Honda,Passport,SW,108.7,f,4,1994,1997,Isuzu Rodeo,,001691,structural,edc,
Honda,Passport,SW,106.4,f,4,1998,2002,Isuzu Rodeo,,001692,structural,edc,
Honda,Pilot,SW,106.3,u,"f,4",2003,2008,,,001671,structural,edc,
Honda,Pilot,SW,106.3,u,"f,4",2003,2008,,,J35-ADJ,engine-loop-partial,curated,3.5L variant — structural accessories only
Honda,Pilot,SW,109.2,u,"f,4",2009,2012,,,001680,structural,edc,
Honda,Pilot,SW,109.2,u,"f,4",2009,2012,,,J35-ADJ,engine-loop-partial,curated,3.5L variant — structural accessories only
Honda,Prelude,2d,91.3,u,f,1980,1982,,,000530,structural,edc,
Honda,Prelude,2d,96.5,u,f,1983,1987,,,000770,structural,edc,
Honda,Prelude,2d,96.5,u,f,1983,1986,,,000770,structural,edc,
Honda,Prelude,2d,101,u,f,1988,1991,,,000780,structural,edc,
Honda,Prelude,2d,100.4,u,f,1992,1996,,,000790,structural,edc,
Honda,Prelude,2d,101.8,u,f,1997,2001,,,000800,structural,edc,
Honda,Ridgeline,Pickup,122,u,4,2006,2012,,,001672,structural,edc,
Honda,Ridgeline,Pickup,122,u,4,2006,2012,,,J35-ADJ,engine-loop-partial,curated,3.5L variant — structural accessories only
Honda,S2000,Conv,94.5,u,r,2000,2009,,,001760,structural,edc,
Hummer,Hummer H2,SUV,122.8,f,4,2003,2009,,Based on Suburban,002550,structural,edc,
Hummer,Hummer H3,SUV,111.9,f,4,2006,2009,,Based on Colorado,002560,structural,edc,
Hyundai,Accent,"3d,4d",94.5,u,f,1995,1997,,,005450,structural,edc-flagged,
Hyundai,Accent,"3d,4d",94.5,u,f,1998,1999,,,005450,structural,edc-flagged,
Hyundai,Accent,"3d,4d",96.1,u,f,2000,2005,,,005950,structural,edc,
Hyundai,Accent,"3d,4d",98.4,u,f,2006,2011,Rio,,006630,structural,edc,
Hyundai,Accent,"4d,5d",101.2,u,f,2012,2012,Rio,New,007600,structural,edc,
Hyundai,Azera,4d,109.4,u,f,2006,2011,,,005471,structural,edc,
Hyundai,Azera,4d,112,u,f,2012,2012,,New. Modified Sonata Chassis,007610,structural,edc,
Hyundai,Elantra,4d,98.4,u,f,1992,1995,,,005060,structural,edc,
Hyundai,Elantra,"4d,SW",100.4,u,f,1996,2000,,,005070,structural,edc,
Hyundai,Elantra,"4d,5d,SW",102.7,u,f,2001,2006,,,005080,structural,edc,
Hyundai,Elantra,"4d,SW",102.7,u,f,2001,2006,,New,005080,structural,edc,
Hyundai,Elantra,4d,102.7,u,f,2007,2010,,,005090,structural,edc,
Hyundai,Elantra,4d,106.3,u,f,2011,2012,,,007350,structural,edc,
Hyundai,Elantra Touring,SW,106.3,u,f,2009,2012,NOT Elantra,European i30,007020,structural,edc,
Hyundai,Entourage,Van,118.9,u,f,2007,2012,Kia Sedona,,006620,structural,edc,
Hyundai,Equus,4d,119.9,u,r,2011,2012,,,007360,structural,edc,
Hyundai,Excel,"3d,4d,5d",93.7,u,f,1986,1989,,,004440,structural,edc,
Hyundai,Excel,"3d,4d,5d",93.8,u,f,1990,1994,,,004441,structural,edc,
Hyundai,Genesis,4d,115.6,u,r,2009,2012,,,007010,structural,edc,
Hyundai,Genesis Coupe,2d,111,u,r,2010,2012,Genesis Sedan,,007011,structural,edc,
Hyundai,Santa Fe,SW,103.1,u,"f,4",2001,2006,,,006070,structural,edc,
Hyundai,Santa Fe,SW,106.3,u,"f,4",2007,2012,,,006710,structural,edc,
Hyundai,Scoupe,2d,93.8,u,f,1991,1995,Excel,,004441,structural,edc,
Hyundai,Sonata,4d,104.3,u,f,1989,1994,,,004680,structural,edc,
Hyundai,Sonata,4d,106.3,u,f,1995,1998,,,005440,structural,edc-flagged,
Hyundai,Sonata,4d,106.3,u,f,1999,2005,Kia Optima,,005460,structural,edc,
Hyundai,Sonata,4d,106.3,u,f,1999,2005,,,005440,structural,edc-flagged,
Hyundai,Sonata,4d,107.4,u,f,2006,2012,,,005470,structural,edc,
Hyundai,Sonata,4d,110.0,u,f,2011,2012,Optima,,007370,structural,edc,
Hyundai,Tiburon,2d,97.4,u,f,1997,2001,,,005680,structural,edc,
Hyundai,Tiburon,2d,99.6,u,f,2003,2008,,,005690,structural,edc,
Hyundai,Tucson,SW,103.5,u,"f,4",2005,2009,,,006490,structural,edc,
Hyundai,Tucson,SW,103.9,u,"f,4",2010,2012,Sportage,,007170,structural,edc,
Hyundai,Veloster,3d,104.3,u,f,2012,2012,,New,007620,structural,edc,
Hyundai,Veracruz,SW,110.4,u,"f,4",2007,2012,,,006910,structural,edc,
Hyundai,XG300,4d,108.3,u,f,2001,2005,,New,006060,structural,edc,
Hyundai,XG350,4d,108.3,u,f,2001,2005,,Was XG300.,006060,structural,edc,
Infiniti,EX35,SW,110.2,u,4,2008,2012,G37,,006214,structural,edc,
Infiniti,"FX35,45",SW,112.2,u,4,2003,2012,,,006280,structural,edc,
Infiniti,"FX35,50",SW,113.6,u,4,2009,2012,,,006281,structural,edc,
Infiniti,G20,4d,100.4,u,r,1991,1996,,,004920,structural,edc,
Infiniti,G20,4d,102.4,u,r,1999,2012,Primera(Japan/Europe),,005850,structural,edc,
Infiniti,G20,4d,102.4,u,r,1999,2002,Primera(Japan/Europe),New,005850,structural,edc,
Infiniti,"G25,G37",4d,112.2,u,r,2007,2012,EX35,,006213,structural,edc,
Infiniti,G35,2d,112.2,u,r,2003,2007,350Z,Coupe not restyled yet,006211,structural,edc,
Infiniti,G35,"2d,4d",112.2,u,r,2003,2006,Nissan 350Z,,006211,structural,edc,
Infiniti,G35,4d,112.2,u,r,2007,2012,"350Z, EX35",,006213,structural,edc,
Infiniti,G37,4d,112.2,u,r,2007,2012,EX35,,006213,structural,edc,
Infiniti,G37,"2d, Conv",112.2,u,r,2008,2012,EX35,,006213,structural,edc,
Infiniti,G37,2d,112.2,u,r,2008,2012,EX35,,006213,structural,edc,
Infiniti,I30,4d,106.3,u,f,1995,1999,Nissan Maxima,,003931,structural,edc,
Infiniti,I30,4d,108.3,u,f,2000,2004,Nissan Maxima,,003933,structural,edc,
Infiniti,I35,4d,108.3,u,f,2000,2004,Nissan Maxima,,003933,structural,edc,
Infiniti,J30,2d,108.7,u,r,1993,1997,,,005330,structural,edc,
Infiniti,M30,2d,103.0,u,r,1990,1992,Nissan Leopard(Japan),,004830,structural,edc,
Infiniti,"M35,45",4d,114.2,u,r,2006,2010,,,006212,structural,edc,
Infiniti,"M37,M56",4d,114.2,u,"r,4",2011,2012,,New Hybrid M35h,007380,structural,edc,
Infiniti,M45,4d,110.2,u,r,2003,2004,Nissan Gloria (Japan),,006270,structural,edc,
Infiniti,Q45,4d,113.2,u,r,1990,1996,,,004820,structural,edc,
Infiniti,Q45,4d,111.4,u,r,1997,2001,,,004840,structural,edc,
Infiniti,Q45,4d,113,u,r,2002,2007,,,004850,structural,edc,
Infiniti,QX4,SW,106.3,u,4,1997,2003,Nissan Pathfinder,,005550,structural,edc,
Infiniti,QX56,SW,123.2,u,4,2004,2012,Nissan Armada,,006341,structural,edc,
Infiniti,QX56,SW,121.1,f,4,2011,2012,Nissan Patrol(Not US),,007390,structural,edc,
Isuzu,Amigo,SUV,91.7,f,"r,4",1989,1994,"P/U, Rodeo",,001694,structural,edc,
Isuzu,Amigo,SUV,,f,"r,4",1998,2012,Rodeo (Front),,001693,structural,edc,
Isuzu,Ascender,SUV,107,f,4,2003,2008,"TrailBlazer, etc.",,002110,structural,edc-flagged,
Isuzu,Axiom,SUV,106.4,f,4,2002,2004,Rodeo,,001696,structural,edc,
Isuzu,Hombre,Pickup,108.3,f,"r,4",1996,2000,"Chev S10, GMC Sonoma",,002100,structural,edc,
Isuzu,I-Mark,"2d,4d",94.3,u,f,1981,1985,Buick Opel 76-79,85 Spectrum is 86 I-Mark,004010,structural,edc,
Isuzu,I-Mark,"2d,4d",94.3,u,f,1985,1988,,,002670,structural,edc,
Isuzu,I-Mark,"2d,4d",94.3,u,f,1986,1988,Chevrolet Spectrum,New,002670,structural,edc,
Isuzu,Impulse,3d,96.1,u,r,1983,1989,,,004220,structural,edc,
Isuzu,Impulse,3d,96.1,u,f,1990,1992,Geo Storm,,002420,structural,edc-flagged,
Isuzu,Oasis,MiniVan,111.4,u,f,1996,1999,Old Odyssey 95-98,,001730,structural,edc,
Isuzu,P'UP,Pickup,"104.3,117.9",f,"r,4",1982,1988,Chevy LUV(Older),,000370,structural,edc-flagged,
Isuzu,Pickup,Pickup,"105.6,119.2",f,"r,4",1989,1995,"Amigo, Rodeo (Fr)",,001695,structural,edc,
Isuzu,Rodeo,SUV,108.7,f,"r,4",1991,1997,Honda Passport,,001691,structural,edc,
Isuzu,Rodeo,SUV,106.4,f,"r,4",1998,2004,Honda Passport,,001692,structural,edc,
Isuzu,Rodeo Sport,SUV,96.9,f,"r,4",1998,2003,Rodeo (Front),Was Amigo,001693,structural,edc,
Isuzu,Stylus,4d,96.5,u,f,1991,1993,,,001720,structural,edc,
Isuzu,Trooper,SUV,"90.6,104.3",f,4,1992,2002,Acura SLX (to 99),,001710,structural,edc-flagged,
Isuzu,Trooper,"SUV ,108.7",,f,4,1992,2002,,New 2d,001710,structural,edc-flagged,
Isuzu,Trooper II,SUV,104.3,f,4,1984,1991,,,001700,structural,edc-flagged,
Isuzu,"Trooper II 2d,4d",SUV,"90.6,104.3",f,4,1984,1991,,,001700,structural,edc-flagged,
Isuzu,"Trooper II,Trooper",SUV,"90.6,104.3",f,4,1984,1991,,,001700,structural,edc-flagged,
Isuzu,VehiCross,SUV,,f,4,1999,2001,Trooper?,,001711,structural,edc,
Isuzu,i280/350,Pickup,126,f,"r,4",2006,2008,Colorado,New(to Isuzu),002440,structural,edc-flagged,
Isuzu,i290/370,Pickup,126,f,"r,4",2006,2008,Colorado,,002440,structural,edc-flagged,
Jaguar,S-type,4d,114.5,u,r,2000,2008,Lincoln LS (Older),,002860,structural,edc,
Jaguar,X-type,"4d,SW",106.7,u,4,2002,2008,,,006160,structural,edc,
Jaguar,X-type,4d,106.7,u,4,2002,2008,,,006160,structural,edc,
Jaguar,XF,4d,114.5,u,r,2008,2012,,,006810,structural,edc,
Jaguar,"XJ, XJL",4d,"119.4,124.3",u,r,2010,2012,,,007160,structural,edc,
Jaguar,"XJ6,XJ12",4d,112.8,u,r,1980,1987,,,000540,structural,edc,
Jaguar,"XJ6,XJ12",4d,113,u,r,1988,2003,,"Also Vanden Plas, XJR",000810,structural,edc,
Jaguar,"XJ8,XJR",4d,113,u,r,1988,2003,,,000810,structural,edc,
Jaguar,"XJ8,XJR",4d,"119.4,124.4",u,r,2004,2009,,Also Vanden Plas,000820,structural,edc,
Jaguar,XJS,Conv,102,u,r,1980,1996,,,000550,structural,edc,
Jaguar,XJS,"2d,Conv",102,u,r,1980,1996,,,000550,structural,edc,
Jaguar,XJS,2d,102,u,r,1980,1996,,,000550,structural,edc,
Jaguar,"XK,XKR","2d,Conv",108.3,u,r,2007,2012,,Aluminum chassis,005650,structural,edc,
Jaguar,XK8,"2d,Conv",113,u,r,1997,2006,Aston-Martin DB7,Also XKR,003690,structural,edc,
Jaguar,"XK8, XKR","2d,Conv",113,u,r,1997,2006,DB7(97-04),"XKR 101.9"" WB",003690,structural,edc,
Jeep,"CJ-5,CJ-7",SUV,"83.5,93.5",f,4,1980,1986,Scrambler,,000570,structural,edc-flagged,
Jeep,CJ-7,SUV,93.5,f,4,1980,1986,Scrambler,,000570,structural,edc-flagged,
Jeep,Cherokee,SUV,109,f,4,1980,1983,"Wagoneer,Pickup",,000560,structural,edc,
Jeep,Cherokee,SUV,101,f,"r,4",1984,2001,,,003230,structural,edc,
Jeep,Comanche,Pickup,"113,120",f,"r,4",1986,1992,"Cherokee, Wagoneer",,003231,structural,edc,
Jeep,Commander,SUV,109.5,u,"r,4",2006,2010,,Stretch Gr Cherokee Chassis,003720,structural,edc,
Jeep,Compass,5d,103.7,u,f,2007,2012,"Caliber, Patriot",,003750,structural,edc,
Jeep,Grand Cherokee,SUV,105.9,f,4,1993,1998,,,003450,structural,edc,
Jeep,Grand Cherokee,SW,105.9,f,4,1993,1998,,New,003450,structural,edc,
Jeep,Grand Cherokee,SUV,105.9,u,4,1999,2004,,,003570,structural,edc,
Jeep,Grand Cherokee,SUV,105.9,u,"r,4",2005,2010,,,003700,structural,edc,
Jeep,Grand Cherokee,SUV,114.8,u,"r,4",2011,2012,"Durango,M-B ML",,007280,structural,edc,
Jeep,Grand Wagoneer,SW,109,f,4,1980,1991,Older Models,,000560,structural,edc,
Jeep,J Pickup,Pickup,131,f,4,1980,1988,"Grand Wagoneer,older",,000561,structural,edc,
Jeep,Libery,SUV,104.3,f,"r,4",2002,2007,,,003620,structural,edc,
Jeep,Libery,SUV,104.3,f,"r,4",2008,2012,Nitro (Older),,003770,structural,edc-flagged,
Jeep,Patriot,5d,103.7,u,f,2007,2012,"Caliber, Compass",,003750,structural,edc,
Jeep,Scrambler,SUV,103.5,f,4,1981,1985,,,000571,structural,edc,
Jeep,Wagoneer,SW,109,f,4,1980,1983,"Cherokee,Pickup",Also later Grand Wagoneer,000560,structural,edc,
Jeep,Wagoneer,SW,101,f,4,1984,1992,"Cherokee,Comanche",,003230,structural,edc,
Jeep,Wrangler,SUV,93.4,f,4,1987,1995,"No 96 Mdl, 97 is new",,,,,
Jeep,Wrangler,SUV,93.4,f,4,1987,1995,,,003270,structural,edc,
Jeep,Wrangler,SUV,93.4,f,4,1997,2006,,,003530,structural,edc,
Jeep,"Wrangler,Unlimited","2d,4d","93.4,116",f,4,2007,2012,,,003740,structural,edc,
Kia,Amanti,4d,110.2,u,f,2004,2009,,,006061,structural,edc,
Kia,Borrego,SUV,114,f,"r,4",2009,2012,,,007000,structural,edc,
Kia,Forte,"2d,4d,5d","104,104.3",u,f,2010,2012,,2d is Koupe,007150,structural,edc,
Kia,Forte,"2d,4d","104,104.3",u,f,2010,2012,,New. 2d is Koupe,007150,structural,edc,
Kia,Optima,4d,106.3,u,f,2001,2006,Older Sonata,,005460,structural,edc,
Kia,Optima,4d,106.3,u,f,2007,2010,,,006900,structural,edc,
Kia,Optima,4d,110.0,u,f,2011,2012,Sonata,,007370,structural,edc,
Kia,Rio,"4d,SW",100.8,u,f,2001,2005,,Wagon is Cinco,006050,structural,edc,
Kia,Rio,4d,100.8,u,f,2001,2005,,,006050,structural,edc,
Kia,"Rio,Rio5","4d,SW",98.4,u,f,2006,2011,Accent,,006630,structural,edc,
Kia,"Rio,Rio5","4d,SW",,u,f,2012,2012,Accent,New,007600,structural,edc,
Kia,Rondo,SW,106.3,u,f,2007,2012,,,006890,structural,edc,
Kia,Sedona,Van,114.6,u,f,2002,2005,,,006150,structural,edc,
Kia,Sedona,Van,118.9,u,f,2006,2012,,,006620,structural,edc,
Kia,Sephia,4d,98.4,u,f,1994,1997,,,002932,structural,edc,
Kia,Sephia,4d,100.8,u,f,1998,2001,Spectra,2002 becomes Spectra,005800,structural,edc,
Kia,Sorento,SW,106.7,u,",4",2003,2009,,,006260,structural,edc,
Kia,Sorento,SW,106.3,u,",4",2011,2012,,,007210,structural,edc,
Kia,Soul,SW,100.4,u,f,2010,2012,,,007400,structural,edc,
Kia,Spectra,5d,100.8,u,f,2000,2003,Sephia,Same chassis as Sephia,005800,structural,edc,
Kia,Spectra,"4d,5d",100.8,u,f,2001,2003,,,005800,structural,edc,
Kia,Spectra,"4d,5d",100.8,u,f,2004,2009,,,006390,structural,edc,
Kia,Sportage,"2d,4d","92.9,104.3",u,",4",1995,2003,,,005430,structural,edc,
Kia,Sportage,SW,103.5,u,",4",2005,2010,Tucson (to 2009),,006490,structural,edc,
Kia,Sportage,SW,103.9,u,",4",2011,2012,Tucson,,007170,structural,edc,
Lamborghin,Aventador,2d,106.3,u,r,2012,2012,,Chassis part carbon fiber,007630,structural,edc,
Lamborghin,Diablo,2d,104.3,u,r,1990,2002,,,005590,structural,edc,
Lamborghin,Gallardo,"2d, Conv",100.7,u,r,2004,2012,,,001990,structural,edc,
Lamborghin,Gallardo,2d,100.7,u,r,2004,2012,,,001990,structural,edc,
Lamborghin,Murcielago,2d,104.9,u,r,2003,2011,,,006250,structural,edc,
Land Rover,Defender,SUV,92.9,f,4,1994,1997,,,005360,structural,edc,
Land Rover,Discovery,SUV,100,f,4,1995,1998,,,005420,structural,edc,
Land Rover,Discovery,SUV,100,f,4,1999,2004,,,005840,structural,edc,
Land Rover,Freelander,SUV,101,u,4,2002,2005,,,006140,structural,edc,
Land Rover,LR2,SW,104.7,u,4,2008,2012,,,006960,structural,edc,
Land Rover,LR3,SUV,113.6,f,4,2005,2009,,,006480,structural,edc,
Land Rover,LR4,SUV,113.6,f,4,2010,2012,,Was LR3,006482,structural,edc,
Land Rover,Range Rover,SUV,"100,108",f,4,1988,1995,,,004560,structural,edc,
Land Rover,Range Rover,SUV,113.4,f,4,2003,2012,,,004580,structural,edc,
Land Rover,Range Rover 4.0SE,SUV,108.1,f,4,1996,2002,,,004570,structural,edc,
Land Rover,Range Rover Evoque,"SW(3d,5d)",104.8,u,4,2012,2012,,New. Based on LR2,007640,structural,edc,
Land Rover,Range Rvr Sport,SUV,113.5,f,4,2006,2012,,,006481,structural,edc,
Lexus,CT200h,5d,102.4,u,f,2011,2012,,,007410,structural,edc,
Lexus,ES250,4d,102.4,u,f,1990,1991,,,004161,structural,edc,
Lexus,ES300,4d,103.1,u,f,1992,1996,Toyota Camry,,004881,structural,edc-flagged,
Lexus,ES300,4d,105.1,u,f,1997,2001,Toyota Camry,,004891,structural,edc,
Lexus,ES300,4d,107.1,u,f,2002,2006,Toyota Camry,,004901,structural,edc,
Lexus,ES330,4d,107.1,u,f,2002,2006,Toyota Camry,Was ES300,004901,structural,edc,
Lexus,ES350,4d,107.1,u,f,2007,2012,Toyota Camry,,004911,structural,edc,
Lexus,GS,4d,,u,r,2013,2013,,New,007650,structural,edc,
Lexus,GS300,4d,109.4,u,r,1993,1997,Toyota Aristo (Japan),,005300,structural,edc,
Lexus,"GS300,GS400",4d,110.2,u,r,1998,2005,,,005310,structural,edc,
Lexus,"GS300,GS430",4d,110.2,u,r,1998,2005,,,005310,structural,edc,
Lexus,"GS300,GS430",4d,112.2,u,r,2006,2011,,,005320,structural,edc,
Lexus,GS350/450h/460,4d,112.2,u,r,2006,2011,,,005320,structural,edc,
Lexus,GX460,SW,109.8,f,4,2010,2012,Toyota 4Runner,,007050,structural,edc,
Lexus,GX470,SW,109.8,f,4,2003,2009,Toyota 4Runner,,006180,structural,edc,
Lexus,HS250h,4d,106.3,u,f,2010,2012,Toyota Avensis (Eur.),,007140,structural,edc,
Lexus,"IS250,350","4d, Conv",105.1,u,r,2006,2012,,Also IS-F,006040,structural,edc,
Lexus,"IS250,350",4d,105.1,u,r,2006,2012,,Also IS-F,006040,structural,edc,
Lexus,IS300,"4d, 5d",109.4,u,r,2001,2005,,5d is Sportcross,006030,structural,edc-flagged,
Lexus,IS300,4d,105.1,u,r,2001,2005,,New,006030,structural,edc-flagged,
Lexus,LS400,4d,110.8,u,r,1990,1994,,,004780,structural,edc,
Lexus,LS400,4d,112.2,u,r,1995,2000,,,004790,structural,edc,
Lexus,LS430,4d,115.2,u,r,2001,2006,,,004800,structural,edc,
Lexus,"LS460, 460L",4d,"116.9,121.7",u,r,2007,2012,,New. L is stretched WB,004810,structural,edc,
Lexus,"LS460,600hL",4d,"116.9,121.7",u,r,2007,2012,,L is streched WB,004810,structural,edc,
Lexus,LX450,SW,112.2,f,4,1996,1997,Toyota Land Cruiser,,001290,structural,edc,
Lexus,LX470,SW,112.2,f,4,1998,2007,Toyota Land Cruiser,,001300,structural,edc,
Lexus,LX570,SW,112.2,f,4,2008,2012,Toyota Land Cruiser,,001310,structural,edc,
Lexus,RX300,SW,103,u,"f,4",1999,2003,,,005830,structural,edc,
Lexus,RX330,SW,106.9,u,"f,4",2004,2009,Highlander,,006021,structural,edc,
Lexus,RX330/400h,SW,106.9,u,"f,4",2004,2009,Highlander,,006021,structural,edc,
Lexus,RX350/400h,SW,106.9,u,"f,4",2004,2009,Highlander,,006021,structural,edc,
Lexus,RX350/400h,SW,107.9,u,"f,4",2010,2012,,,007130,structural,edc,
Lexus,"SC300, SC400",2d,105.9,u,r,1992,2000,,,005040,structural,edc,
Lexus,SC430,Conv,103.1,u,r,2002,2010,,,005050,structural,edc,
Lincoln,Aviator,SUV,114,f,"r,4",2002,2005,"Mountaineer, Explorer",,002820,structural,edc,
Lincoln,Blackwood,Pickup,138.5,f,"r,4",2002,2002,F-Series Crew cab,One-year wonder,002750,structural,edc-flagged,
Lincoln,Continental,"2d,4d",127.2,f,r,1974,1979,,,000141,structural,edc,
Lincoln,Continental,"2d,4d",117.3,f,r,1980,1989,"LTD,Marquis",New.Based LTD (Note WB),000270,structural,edc-flagged,
Lincoln,Continental,4d,108.5,u,r,1983,1987,,Also see Mark VII,003010,structural,edc,
Lincoln,Continental,4d,109,u,f,1988,1994,Taurus?,,003020,structural,edc,
Lincoln,Continental,4d,109,u,f,1995,1997,Taurus?,,003030,structural,edc,
Lincoln,Continental,4d,109,u,f,1998,2002,Taurus?,,003031,structural,edc,
Lincoln,LS,4d,114.5,u,r,2000,2006,Jaguar S type,,002860,structural,edc,
Lincoln,LS,4d,114.5,u,r,2000,2012,Jaguar S type,New,002860,structural,edc,
Lincoln,MKS,4d,112.9,u,"f,4",2009,2012,Taurus?,,003130,structural,edc,
Lincoln,MKT,SW,117.9,u,"f,4",2010,2012,Flex,,003100,structural,edc,
Lincoln,MKX,SW,111.2,u,"f,4",2007,2012,Edge,,002960,structural,edc,
Lincoln,MKZ,4d,107.4,u,"f,4",2006,2012,Fusion,,002970,structural,edc,
Lincoln,Mark IV,2d,120.4,f,r,1974,1976,Thunderbird,,000170,structural,edc,
Lincoln,Mark LT,Pickup,"138.5,150.5",f,"r,4",2006,2008,F150,,002760,structural,edc-flagged,
Lincoln,Mark V,2d,120.4,f,r,1977,1979,Mark IV?,,000171,structural,edc,
Lincoln,Mark VI,"2d,4d",114.3,f,r,1980,1983,"Crown Vic,GR Marquis",Also see Town Car,000271,structural,edc,
Lincoln,Mark VII,2d,108.5,u,r,1984,1992,,,003011,structural,edc,
Lincoln,Mark VIII,2d,113,u,r,1993,1998,Older Thunderbird,,003050,structural,edc,
Lincoln,Navigator,SUV,119.1,f,4,1998,2012,Ford Expedition,,002751,structural,edc,
Lincoln,Navigator,SW,119.1,f,4,2003,2012,Ford Expedition,,002761,structural,edc-flagged,
Lincoln,Navigator,SUV,119.1,f,4,2003,2012,Ford Expedition,,002761,structural,edc-flagged,
Lincoln,Navigator L,SW,131,f,4,2007,2012,Ford Expedition EL,,002761,structural,edc-flagged,
Lincoln,Town Car,4d,117.3,f,r,1980,1989,"Crown Vic,GR Marquis",,000270,structural,edc-flagged,
Lincoln,Town Car,"2d,4d",117.3,f,r,1980,1989,"LTD,Marquis",Note WB.Was Continental,000270,structural,edc-flagged,
Lincoln,Town Car,4d,117.4,f,r,1990,1997,"Crown Vic,GR Marquis?",,002840,structural,edc-flagged,
Lincoln,Town Car,4d,117.4,f,r,1998,2011,"Old Cr Vic, Gr Marq",,002841,structural,edc-flagged,
Lincoln,Versailles,4d,109.9,u,r,1977,1980,Granada/Monarch,,000180,structural,edc,
Lincoln,Zephyr,4d,107.4,u,f,2006,2010,"Fusion, Milan",New. Based on Mazda6,002970,structural,edc,
Lotus,Elise,2d,,u,r,2005,2011,,,006470,structural,edc,
Lotus,Elise/Exige,2d,,u,r,2005,2011,,,006470,structural,edc,
Lotus,Esprit S4,2d,96,f,r,1978,2004,,,005580,structural,edc,
Lotus,Esprit V8,2d,96,f,r,1978,2004,,,005580,structural,edc,
Lotus,Evora,2d,101.4,u,r,2010,2012,,,007120,structural,edc,
Maserati,Coupe,2d,96.1,u,r,2002,2007,,Also GranSport,006130,structural,edc,
Maserati,GranTurismo,"2d,Conv",115.8,u,r,2008,2012,Quattroporte,,006380,structural,edc-flagged,
Maserati,GranTurismo,2d,115.8,u,r,2008,2012,Quattroporte,Shortened chassis,006380,structural,edc-flagged,
Maserati,Quattroporte,4d,121,u,r,2004,2012,GranTurismo,,006380,structural,edc-flagged,
Maserati,Spyder,Conv,96.1,u,r,2002,2007,,Also GranSport,006130,structural,edc,
Maybach,"57,62",4d,"133.5,151",u,r,2003,2009,,Also 57S,006240,structural,edc,
Mazda,2,5d,98.0,u,f,2011,2012,Ford Fiesta,,007320,structural,edc-flagged,
Mazda,3,"4d, 5d",103.9,u,f,2004,2009,,Also Mazdaspeed3,006370,structural,edc,
Mazda,3,"4d, 5d",103.9,u,f,2010,2012,,Also Mazdaspeed3,007110,structural,edc,
Mazda,323,"3d,4d,SW",94.5,u,f,1986,1989,,,002950,structural,edc,
Mazda,323,"3d,4d",94.5,u,f,1986,1989,,New,002950,structural,edc,
Mazda,323/Protege,"3d,4d","96.5,98.4",u,f,1990,1994,Escort/Tracer,,002931,structural,edc,
Mazda,5,MicroVan,108,u,f,2006,2010,,,006610,structural,edc,
Mazda,5,MicroVan,108.3,u,f,2011,2012,,,007420,structural,edc,
Mazda,6,"4d, 5d",105.3,u,f,2003,2008,,Also Mazdaspeed 6,006230,structural,edc,
Mazda,6,4d,,u,f,2003,2008,,New,006230,structural,edc,
Mazda,6,4d,109.8,u,f,2009,2012,,,006990,structural,edc,
Mazda,626,"2d,4d",98.8,u,r,1980,1982,,,000580,structural,edc,
Mazda,626,"2d,4d,5d",98.8,u,f,1983,1987,,,004200,structural,edc,
Mazda,626,"2d,4d,5d",101.4,u,f,1988,1992,,,004210,structural,edc,
Mazda,626,"4d,5d",101.4,u,f,1988,1992,,New,004210,structural,edc,
Mazda,626,4d,102.8,u,f,1993,1997,,,003990,structural,edc,
Mazda,626,"2d,4d,5d",102.8,u,f,1993,1997,,,003990,structural,edc,
Mazda,626,4d,105.1,u,f,1998,2002,,,004000,structural,edc,
Mazda,929,4d,106.7,u,r,1988,1991,,,004590,structural,edc,
Mazda,929,4d,112.2,u,r,1992,1995,,,004600,structural,edc,
Mazda,B-Series,Pickup,"107.9,125",f,"r,4",1994,1997,Ford Ranger,,002811,structural,edc-flagged,
Mazda,B-Series,Pickup,"107.9,125",f,"r,4",1998,2009,Ford Ranger,,002812,structural,edc,
Mazda,B2000,Pickup,"106.9,112.8",f,r,1980,1984,Ford Courier(Older),,000490,structural,edc,
Mazda,B2000,Pickup,"108.7,117.5",f,r,1986,1993,,New (Early intro-no '85 model),004430,structural,edc,
Mazda,B2000/2200/2600,Pickup,"109,118",f,"r,4",1986,1993,,,004430,structural,edc,
Mazda,B2200/2600,Pickup,"109,118",f,"r,4",1986,1993,,,004430,structural,edc,
Mazda,CX-5,SW,106.3,u,"f,4",2013,2013,,New,007660,structural,edc,
Mazda,CX-7,SW,108.3,u,"f,4",2007,2012,,"Based on Mazda 5,3",006880,structural,edc,
Mazda,CX-9,SW,113.2,u,"f,4",2007,2012,"Edge, MKX",,002961,structural,edc,
Mazda,GLC,"3d,5d,SW",91,u,r,1980,1980,,Old RWD car,000590,structural,edc,
Mazda,GLC,"3d,4d",91,u,f,1981,1985,,,003980,structural,edc,
Mazda,GLC,"3d,5d,SW",91,u,f,1981,1985,,,003980,structural,edc,
Mazda,MPV,Van,110.4,u,r,1989,1999,,,004660,structural,edc,
Mazda,MPV,Van,111.8,u,r,2000,2006,,,004670,structural,edc,
Mazda,MX-3,2d,96.3,u,f,1992,1995,,,005030,structural,edc,
Mazda,MX-5 Miata,2d,89.2,u,r,1990,1997,,,004760,structural,edc,
Mazda,MX-6,2d,99,u,f,1988,1992,Ford Probe,,003080,structural,edc,
Mazda,MX-6,2d,102.8,u,f,1993,1997,Ford Probe,,003090,structural,edc,
Mazda,Miata,2d,89.2,u,r,1990,1997,,,004760,structural,edc,
Mazda,Miata,2d,89.2,u,r,1999,2005,,,004761,structural,edc,
Mazda,Miata MX-5,2d,91.7,u,r,2006,2012,,,004770,structural,edc,
Mazda,Millenia,4d,108.3,u,f,1995,2002,,,005410,structural,edc,
Mazda,Navajo(2d Only),SUV,102.1,f,"r,4",1991,1994,Explorer,,002811,structural,edc-flagged,
Mazda,Protege,4d,102.6,u,f,1995,1998,,,005390,structural,edc,
Mazda,Protege,"4d, 5d",102.8,u,f,1999,2003,,5d Protege5,005400,structural,edc-flagged,
Mazda,Protege,4d,98.4,u,f,1999,2003,,,005400,structural,edc-flagged,
Mazda,RX-8,2d,106.4,u,r,2004,2011,,,003970,structural,edc,
Mazda,RX7,2d,95.3,u,r,1980,1985,,,000600,structural,edc,
Mazda,RX7,2d,95.7,u,r,1986,1992,,,003950,structural,edc,
Mazda,RX7,2d,95.5,u,r,1993,1996,,,003960,structural,edc,
Mazda,Tribute,SW,103.1,u,"f,4",2001,2011,Escape,,003061,structural,edc,
Mazda,Tribute,SW,103.1,u,"f,4",2001,2011,"Escape, Mariner",,003060,structural,edc,
McLaren,MP4-12C,2d,105.1,u,r,2012,2012,,New. Part carbon fiber,007670,structural,edc,
Mercedes,190,4d,104.9,u,r,1984,1993,,,004290,structural,edc,
Mercedes,"240,300","2d,4d,SW",,u,r,1980,1985,,,000610,structural,edc,
Mercedes,"240,300,280","2d,4d,SW",,u,r,1980,1985,,,000610,structural,edc,
Mercedes,300,"4d,SW",110.2,u,r,1986,1995,,New Wagon,004420,structural,edc-flagged,
Mercedes,300,4d,110.2,u,r,1986,1995,,New Body,004420,structural,edc-flagged,
Mercedes,"300,260","4d,SW",110.2,u,r,1986,1995,,,004420,structural,edc-flagged,
Mercedes,"300,260",4d,110.2,u,r,1986,1995,,,004420,structural,edc-flagged,
Mercedes,"300,400,500E/D","4d,SW",110.2,u,r,1986,1995,,,004420,structural,edc-flagged,
Mercedes,"300,400SE",4d,119.7,u,r,1992,1999,,,005020,structural,edc-flagged,
Mercedes,"300,420,560SEL",4d,121.1,u,r,1984,1991,,,004130,structural,edc-flagged,
Mercedes,"300,500,600SL",2d,99,u,r,1990,2002,,,004740,structural,edc,
Mercedes,"300,500SL",2d,99,u,r,1990,2002,,,004740,structural,edc,
Mercedes,300CE,2d,106.9,u,r,1988,1995,,,004420,structural,edc-flagged,
Mercedes,300SE,4d,115.6,u,r,1982,1991,,,004130,structural,edc-flagged,
Mercedes,380SE,4d,115.5,u,r,1982,1991,,,004130,structural,edc-flagged,
Mercedes,380SEL,4d,,u,r,1980,1981,,,000620,structural,edc,
Mercedes,"380SEL,SEC","4d,2d","120.9,112",u,r,1982,1991,,,004130,structural,edc-flagged,
Mercedes,380SL,2d,96.7,u,r,1980,1989,380SEC,,000630,structural,edc,
Mercedes,380SLC,2d,,u,r,1980,1981,,,000621,structural,edc,
Mercedes,420SE,4d,115.5,u,r,1982,1991,,,004130,structural,edc-flagged,
Mercedes,450SEL,4d,,u,r,1980,1981,,,000620,structural,edc,
Mercedes,450SL,2d,96.7,u,r,1980,1989,,,000630,structural,edc,
Mercedes,450SLC,2d,,u,r,1980,1981,,,000621,structural,edc,
Mercedes,"500,600SEC",2d,115.9,u,r,1993,1999,,New,005020,structural,edc-flagged,
Mercedes,"500,600SEL",4d,123.6,u,r,1992,1999,,New S-Class,005020,structural,edc-flagged,
Mercedes,500SEC,2d,112.2,u,r,1992,1999,"Late Intro, Maybe 93",,005020,structural,edc-flagged,
Mercedes,"500SEL,SEC",4d,"120.9,112",u,r,1982,1991,,,004130,structural,edc-flagged,
Mercedes,560SEC,2d,112.2,u,r,1982,1991,,,004130,structural,edc-flagged,
Mercedes,"560SEL,SEC",4d,"120.9,112",u,r,1982,1991,,,004130,structural,edc-flagged,
Mercedes,560SL,2d,96.7,u,r,1980,1989,,,000630,structural,edc,
Mercedes,C-Class,"2d,4d",108.7,u,"r,4",2008,2012,,Mild restyle. New 2d,006800,structural,edc,
Mercedes,C-Class,4d,108.7,u,"r,4",2008,2012,,,006800,structural,edc,
Mercedes,"C220,280",4d,105.9,u,r,1994,2000,,,005340,structural,edc,
Mercedes,"C230,240,320","3d,4d, SW",106.9,u,"r,4",2001,2007,,Restyle.Also C55AMG,005350,structural,edc,
Mercedes,"C230,240,350","3d,4d, SW",106.9,u,"r,4",2001,2007,,,005350,structural,edc,
Mercedes,"C230,280",4d,105.9,u,r,1994,2000,,,005340,structural,edc,
Mercedes,"C240,320",4d,106.9,u,r,2001,2007,,New,005350,structural,edc,
Mercedes,"C300, 350",4d,108.7,u,"r,4",2008,2012,,Also C63AMG,006800,structural,edc,
Mercedes,CL-Class,2d,116.3,u,r,2007,2012,,,006700,structural,edc-flagged,
Mercedes,CL500,2d,113.6,u,r,2000,2006,,New,005940,structural,edc-flagged,
Mercedes,"CL500, 600",2d,113.6,u,r,2000,2006,,Also CL65AMG,005940,structural,edc-flagged,
Mercedes,"CL500,600",2d,115.9,u,r,1992,1999,,,005020,structural,edc-flagged,
Mercedes,"CL550, 600",2d,116.3,u,4,2007,2012,,Also CL63AMG,006700,structural,edc-flagged,
Mercedes,CLK 320,2d,105.9,u,r,1998,2002,,New. Based on C-class,005341,structural,edc,
Mercedes,"CLK 320, 430","2d,Cnv",105.9,u,r,1998,2002,,Also CLK55AMG,005341,structural,edc,
Mercedes,"CLK 320, 500","2d,Cnv",105.9,u,r,2003,2009,,Also CLK55AMG,005351,structural,edc,
Mercedes,"CLK 320,430",Cnv,105.9,u,r,1999,2003,,Conv old chassis,005341,structural,edc,
Mercedes,"CLK 320,500",2d,105.9,u,r,2003,2009,,New,005351,structural,edc,
Mercedes,"CLK 350, 500","2d,Cnv",105.9,u,r,2003,2009,,Also CLK55AMG,005351,structural,edc,
Mercedes,"CLK 350, 550","2d,Cnv",105.9,u,r,2003,2009,,Also CLK63AMG,005351,structural,edc,
Mercedes,CLS-Class,4d,112.4,u,r,2006,2011,,,005571,structural,edc,
Mercedes,CLS-Class,4d,113.1,u,r,2012,2012,,New,007101,structural,edc,
Mercedes,CLS500,4d,112.4,u,r,2006,2011,,New.Also CLS55AMG,005571,structural,edc,
Mercedes,CLS550,4d,112.4,u,r,2006,2011,,Also CLS63AMG,005571,structural,edc,
Mercedes,E-Class,"2d,Cnv",108.7,u,"r,4",2010,2012,C-Class,,006801,structural,edc,
Mercedes,E-Class,4d,113.1,u,"r,4",2010,2012,,,007100,structural,edc-flagged,
Mercedes,E-Class,"2d,4d,Cnv","108.7,113.1",u,"r,4",2010,2012,,New,007100,structural,edc-flagged,
Mercedes,"E300,320,420",4d,111.5,u,r,1996,2002,,,005560,structural,edc,
Mercedes,"E300,320,430","4d, SW",111.5,u,r,1996,2002,,Also E55AMG,005560,structural,edc,
Mercedes,E320,"2d,Cnv",106.9,u,r,1988,1995,,,004420,structural,edc-flagged,
Mercedes,"E320,350,500","4d, SW","112.4,111.5",u,r,2003,2009,,Also E63AMG,005570,structural,edc,
Mercedes,"E320,420,500","4d,SW",110.2,u,r,1986,1995,,,004420,structural,edc-flagged,
Mercedes,"E320,430","4d, SW",111.5,u,r,1996,2002,,Also E55AMG,005560,structural,edc,
Mercedes,"E320,500","4d,SW","112.4,111.5",u,r,2003,2009,,Also E55AMG,005570,structural,edc,
Mercedes,G500,SW,112.2,f,4,2002,2012,,,006120,structural,edc,
Mercedes,GL-Class,SW,121.1,f,4,2007,2012,,Mostly an ML,006870,structural,edc,
Mercedes,"GL320,450,550",SW,121.1,f,4,2007,2012,,Mostly an ML,006870,structural,edc,
Mercedes,GL450,SW,121.1,f,4,2007,2012,ML?,New. Mostly an ML,006870,structural,edc,
Mercedes,GLK-Class,SUV,108.5,u,"r,4",2010,2012,,C-class chassis,007090,structural,edc,
Mercedes,ML-Class,SW,114.7,u,4,2006,2011,,,006600,structural,edc,
Mercedes,ML-Class,SW,114.8,u,4,2012,2012,"Gr Cherokee, Durango",New,007280,structural,edc,
Mercedes,ML320,SW,111,u,4,1998,2005,,New,005790,structural,edc,
Mercedes,"ML320, 430",SW,111,u,4,1998,2005,,Also ML55,005790,structural,edc,
Mercedes,"ML320, 500",SW,111,u,4,1998,2005,,Also ML55,005790,structural,edc,
Mercedes,"ML320, 500",SW,114.7,u,4,2006,2011,GL?,,006600,structural,edc,
Mercedes,"ML320, 550",SW,114.7,u,4,2006,2011,,,006600,structural,edc,
Mercedes,"ML320,350, 500",SW,111,u,4,1998,2005,,Also ML55,005790,structural,edc,
Mercedes,"ML350, 500",SW,111,u,4,1998,2005,,Also ML55,005790,structural,edc,
Mercedes,R-Class,SW,126.6,u,"r,4",2006,2012,,,006590,structural,edc,
Mercedes,R350,SW,126.6,u,"r,4",2006,2012,,,006590,structural,edc,
Mercedes,"R350, 500",SW,126.6,u,4,2006,2012,,Also R63AMG,006590,structural,edc,
Mercedes,S-Class,4d,124.6,u,r,2007,2012,,,006700,structural,edc-flagged,
Mercedes,"S320,350",4d,119.7,u,r,1992,1999,,,005020,structural,edc-flagged,
Mercedes,"S320,420,500",4d,"119.2,123.6",u,r,1992,1999,,,005020,structural,edc-flagged,
Mercedes,"S320,420,500","2d,4d","115.9,123.6",u,r,1992,1999,,,005020,structural,edc-flagged,
Mercedes,S350D,4d,119.7,u,r,1992,1999,,,005020,structural,edc-flagged,
Mercedes,"S420,500,600","2d,4d",123.6,u,r,1992,1999,,,005020,structural,edc-flagged,
Mercedes,"S430,500",4d,121.5,u,r,2000,2006,,New,005940,structural,edc-flagged,
Mercedes,"S430,500,600",4d,121.5,u,r,2000,2006,,Also S55AMG,005940,structural,edc-flagged,
Mercedes,"S430,500,600",4d,124.6,u,r,2007,2012,,Also S63AMG,006700,structural,edc-flagged,
Mercedes,"S500,600",2d,115.9,u,r,1992,1999,,,005020,structural,edc-flagged,
Mercedes,SL-Class,Conv,100.8,u,r,2003,2012,,,004750,structural,edc,
Mercedes,"SL320,500,600",2d,99,u,r,1990,2002,,,004740,structural,edc,
Mercedes,SL500,Conv,100.8,u,r,2003,2012,,Also SL55AMG,004750,structural,edc,
Mercedes,"SL500,600",2d,99,u,r,1990,2002,,,004740,structural,edc,
Mercedes,"SL500,600",Conv,100.8,u,r,2003,2012,,Also SL65AMG,004750,structural,edc,
Mercedes,"SL550,600",Conv,100.8,u,r,2003,2012,,"Also SL55,65AMG",004750,structural,edc,
Mercedes,SLK,2d,94.5,u,r,1997,2004,,New,005630,structural,edc,
Mercedes,SLK 230,2d,94.5,u,r,1997,2004,,,005630,structural,edc,
Mercedes,"SLK 230, 320",Conv,94.5,u,r,1997,2004,,Also SLK32AMG,005630,structural,edc,
Mercedes,"SLK 230, 320",2d,94.5,u,r,1997,2004,,,005630,structural,edc,
Mercedes,"SLK 280,350",Conv,94.5,u,r,2005,2011,,Also SLK55AMG,005640,structural,edc,
Mercedes,"SLK 300,350",Conv,94.5,u,r,2005,2011,,Also SLK55AMG,005640,structural,edc,
Mercedes,SLK-Class,Conv,94.5,u,r,2005,2011,,,005640,structural,edc,
Mercedes,SLK-Class,Conv,95.7,u,r,2012,2012,,New,007680,structural,edc,
Mercedes,SLR McLaren,2d,106.3,u,r,2005,2010,None,,006460,structural,edc,
Mercedes,SLS,"2d, Conv",105.5,u,r,2011,2012,,New Conv,007430,structural,edc,
Mercedes,SLS,2d,,u,r,2011,2012,,New,007430,structural,edc,
Mercedes,Sprinter,Van,"144.3,170.3",u,r,2007,2012,,,003660,structural,edc,
Mercury,Bobcat,"3d,SW",94.2,u,r,1975,1980,Pinto,,000160,structural,edc,
Mercury,Bobcat,"2d,SW",94.2,u,r,1975,1980,Pinto,,000160,structural,edc,
Mercury,Capri,3d,100.4,u,r,1979,1986,Mustang,,000241,structural,edc,
Mercury,Capri,2d,94.7,u,f,1991,1994,None,Not old Mustang Clone!,002710,structural,edc,
Mercury,Comet,"2d,4d","103,109.9",u,r,1974,1977,Maverick,,000150,structural,edc,
Mercury,Cougar,"2d,4d","114,118",f,r,1977,1979,LTD II,,000132,structural,edc,
Mercury,Cougar,"2d,4d,SW",105.5,u,r,1981,1982,Granada,,000248,structural,edc,
Mercury,Cougar,2d,113,u,r,1989,1997,Thunderbird,,003050,structural,edc,
Mercury,Cougar,2d,113,u,f,1999,2002,Contour/Mystique?,Based on Contour,002730,structural,edc,
Mercury,Cougar XR7,2d,114,f,r,1974,1976,See Montego,,000130,structural,edc,
Mercury,Cougar XR7,2d,114,f,r,1977,1979,"Thunderbird,Cougar",,000132,structural,edc,
Mercury,Cougar XR7,2d,108.4,u,r,1980,1982,Thunderbird,,000244,structural,edc,
Mercury,Cougar XR7,2d,104,u,r,1983,1986,Thunderbird,,000245,structural,edc,
Mercury,Cougar XR7,2d,104,u,r,1987,1988,Thunderbird,,000246,structural,edc,
Mercury,Cougar XR7,2d,113,u,r,1989,1997,Thunderbird,,003050,structural,edc,
Mercury,Grand Marquis,"2d,4d,SW",114.4,f,r,1979,1991,LTD Crown Victoria,,000270,structural,edc-flagged,
Mercury,Grand Marquis,4d,114.4,f,r,1992,1997,Crown Victoria,,002840,structural,edc-flagged,
Mercury,Grand Marquis,4d,114.7,f,r,1998,2002,Crown Victoria,,002841,structural,edc-flagged,
Mercury,Grand Marquis,4d,114.7,f,r,2003,2010,Crown Victoria,,002842,structural,edc,
Mercury,LN7,3d,94.0,u,f,1982,1983,EXP,Based on Escort,002882,structural,edc,
Mercury,Lynx,"3d,5d,SW",94.2,u,f,1981,1987,Escort,,002880,structural,edc,
Mercury,Mariner,SW,103.1,u,"f,4",2001,2010,"Escape, Tribute",,003061,structural,edc,
Mercury,Mariner,SW,103.1,u,"f,4",2001,2010,"Escape, Tribute",,003060,structural,edc,
Mercury,Marquis,"2d,4d,SW 124,121(S",,f,r,1974,1978,Custom/Galaxie/LTD,Also Grand Marquis(Note WB),000140,structural,edc,
Mercury,Marquis,"2d,4d,SW",114.4,f,r,1979,1991,LTD,Also Grand Marquis,000270,structural,edc-flagged,
Mercury,Marquis,"4d,SW",105.5,u,r,1983,1986,LTD,NOT Grand Marquis,000247,structural,edc,
Mercury,Milan,4d,107.4,u,"f,4",2006,2010,"Fusion, MKZ",,002970,structural,edc,
Mercury,Monarch,"2d,4d",109.9,u,r,1975,1980,Granada,,000180,structural,edc,
Mercury,Montego,"2d,4d","114,118",f,r,1974,1976,"Torino,Gran Torino",,000130,structural,edc,
Mercury,Montego,4d,112.9,u,"f,4",2005,2007,Five Hundred,,003000,structural,edc-flagged,
Mercury,Monterey,Van,120.8,u,f,2004,2007,Freestar,,003110,structural,edc,
Mercury,Mountaineer,SUV,111.5,f,"r,4",1996,2001,Ford Explorer,,002813,structural,edc,
Mercury,Mountaineer,SUV,114,f,"r,4",2002,2005,Ford Explorer,,002820,structural,edc,
Mercury,Mountaineer,SUV,114,f,"r,4",2006,2010,Ford Explorer,,002830,structural,edc,
Mercury,Mystique,4d,106.5,u,f,1995,2000,Contour,,002720,structural,edc,
Mercury,Sable,"4d,SW",106,u,f,1986,1991,Taurus,,002910,structural,edc,
Mercury,Sable,"4d,SW",106,u,f,1992,1995,Taurus,,002911,structural,edc,
Mercury,Sable,"4d,SW",108.5,u,f,1996,1999,Taurus,,002920,structural,edc,
Mercury,Sable,"4d,SW",108.5,u,f,2000,2005,Taurus,,002921,structural,edc,
Mercury,Sable,4d,112.9,u,"f,4",2008,2009,Taurus,,003000,structural,edc-flagged,
Mercury,Topaz,"2d,4d",99.9,u,f,1984,1994,Tempo,,003040,structural,edc,
Mercury,Tracer,"2d,4d,SW",94.2,u,f,1988,1989,Mazda 323?,Mazda 323-Based,002951,structural,edc,
Mercury,Tracer,"4d,SW",98.4,u,f,1991,1996,Escort,,002930,structural,edc,
Mercury,Tracer,"4d,SW",98.4,u,f,1997,1999,Escort,,002940,structural,edc,
Mercury,Villager,MiniVan,112.2,u,f,1993,1998,Nissan Quest,,003140,structural,edc,
Mercury,Villager,MiniVan,112.2,u,f,1999,2002,Nissan Quest,,003141,structural,edc,
Mercury,Zephyr,"2d,4d",105.5,u,r,1978,1983,Fairmont,Also Z-7 (See Futura),000240,structural,edc,
Mercury,Zephyr,"2d,4d,SW",105.5,u,r,1978,1983,Fairmont,Also Z-7 (See Futura),000240,structural,edc,
Mini,Clubman,2d,100.3,u,f,2008,2012,Cooper,,006860,structural,edc-flagged,
Mini,Cooper,"2d, Conv",97.1,u,f,2002,2006,,,006110,structural,edc,
Mini,Cooper,2d,97.1,u,f,2002,2006,,,006110,structural,edc,
Mini,Cooper,"2d, Conv",97,u,f,2007,2012,,,006860,structural,edc-flagged,
Mini,Cooper,2d,97,u,f,2007,2012,,New,006860,structural,edc-flagged,
Mini,Cooper Coupe,2d,97.1,u,f,2012,2012,,New,006860,structural,edc-flagged,
Mini,Countryman,2d,97,u,"f,4",2011,2012,,,006860,structural,edc-flagged,
Mitsubishi,3000GT,"2d,Conv",97.2,u,f,1991,1999,,,003400,structural,edc,
Mitsubishi,3000GT,2d,97.2,u,f,1991,1999,Dodge Stealth,,003400,structural,edc,
Mitsubishi,Cordia,3d,96.3,u,f,1983,1988,Tredia,,004180,structural,edc,
Mitsubishi,Diamante,4d,107.1,u,f,1992,1996,,,005000,structural,edc,
Mitsubishi,Diamante,4d,107.1,u,f,1997,2004,,Mild restyle,005010,structural,edc,
Mitsubishi,Eclipse,2d,97.2,u,"f,4",1990,1994,"Talon, Laser",,003390,structural,edc,
Mitsubishi,Eclipse,2d,98.8,u,"f,4",1995,1999,Eagle Talon (to 98),,003490,structural,edc,
Mitsubishi,Eclipse,"2d, Conv",100.8,u,"f,4",2000,2005,,,005930,structural,edc,
Mitsubishi,Eclipse,2d,100.8,u,"f,4",2000,2005,,New,005930,structural,edc,
Mitsubishi,Eclipse,"2d, Conv",101.4,u,f,2006,2012,,,006580,structural,edc,
Mitsubishi,Endeavor,SUV,108.7,u,"f,4",2004,2011,,,006360,structural,edc,
Mitsubishi,Expo,SW,107.1,u,"f,4",1992,1994,,,003410,structural,edc-flagged,
Mitsubishi,Expo LRV,SW,99.2,u,"f,4",1992,1994,"Summit Wgn,Colt Vista",,003410,structural,edc-flagged,
Mitsubishi,Galant,4d,102.4,u,f,1985,1990,,,004320,structural,edc,
Mitsubishi,Galant,4d,102.4,u,f,1989,1992,,,004330,structural,edc,
Mitsubishi,Galant,4d,103.7,u,f,1993,1998,,,004340,structural,edc,
Mitsubishi,Galant,4d,103.7,u,f,1999,2003,,,004350,structural,edc,
Mitsubishi,Galant,4d,108.3,u,f,2004,2012,,,004360,structural,edc,
Mitsubishi,Galant Sigma,4d,102.4,u,f,1985,1990,,Was Galant,004320,structural,edc,
Mitsubishi,Lancer,4d,102.4,u,f,2002,2007,,Also Evolution,006100,structural,edc,
Mitsubishi,Lancer,"4d, 5d",103.7,u,"f,4",2008,2012,,Also Evolution,006790,structural,edc,
Mitsubishi,Lancer,4d,103.7,u,f,2008,2012,,Also Evolution,006790,structural,edc,
Mitsubishi,Mighty Max,Pickup,105.5,f,r,1996,1997,,New late intro,005540,structural,edc,
Mitsubishi,Mirage,"3d,5d","90.6,93.7",u,f,1985,1988,,,003890,structural,edc,
Mitsubishi,Mirage,"3d,4d,5d","90.6,93.7",u,f,1985,1988,Dodge/Ply Colt,,003890,structural,edc,
Mitsubishi,Mirage,"3d,4d","93.9,96.7",u,f,1989,1992,"Summit,Colt",,003370,structural,edc-flagged,
Mitsubishi,Mirage,2d,96.1,u,f,1993,1996,,,003370,structural,edc-flagged,
Mitsubishi,Mirage,"3d,4d","96.1,98.4",u,f,1993,1996,"Summit,Colt",,003370,structural,edc-flagged,
Mitsubishi,Mirage,2d,95.1,u,f,1997,2002,,,005620,structural,edc,
Mitsubishi,Mirage,"2d,4d","95.1,98.4",u,f,1997,2002,,,005620,structural,edc,
Mitsubishi,Montero,SUV,92.5,f,4,1984,1991,Dodge Raider,,003280,structural,edc-flagged,
Mitsubishi,Montero,SUV,107.3,f,4,1992,2000,,,004980,structural,edc,
Mitsubishi,Montero,SUV,109.7,u,4,2001,2006,,,004990,structural,edc,
Mitsubishi,Montero (4d Only),SUV,106.1,f,4,1984,1991,,,003280,structural,edc-flagged,
Mitsubishi,"Montero 2d,4d",SUV,"92.5,106.1",f,4,1984,1991,Dodge Raider,,003280,structural,edc-flagged,
Mitsubishi,Montero Sport,SUV,107.3,f,"r,4",1997,2004,,NOT Montero,005610,structural,edc,
Mitsubishi,Outlander,SW,103.3,u,"f,4",2003,2006,,,006220,structural,edc,
Mitsubishi,Outlander,SW,105.1,u,"f,4",2007,2012,,,006690,structural,edc,
Mitsubishi,Outlander Sport,SW,105.1,u,"f,4",2011,2012,,,006691,structural,edc,
Mitsubishi,Pickup,Pickup,109.4,f,"r,4",1983,1986,"Dodge D50,Plym.Arrow",,000450,structural,edc-flagged,
Mitsubishi,Pickup,Pickup,"105,116",f,r,1987,1995,,,003300,structural,edc-flagged,
Mitsubishi,Pickup,Pickup,"105,116",f,4,1987,1997,,,003300,structural,edc-flagged,
Mitsubishi,Precis,"3d,5d",93.7,u,f,1988,1992,Hyundai Excel,,004440,structural,edc,
Mitsubishi,Raider,Pickup,131.1,u,"r,4",2006,2009,Dakota,,003671,structural,edc-flagged,
Mitsubishi,Sigma,4d,102.4,u,f,1985,1990,,,004320,structural,edc,
Mitsubishi,Starion,3d,95.9,u,r,1983,1989,,,004190,structural,edc,
Mitsubishi,Tredia,4d,96.3,u,f,1983,1988,Cordia,,004180,structural,edc,
Mitsubishi,Tredia,4d,96.3,u,f,1985,1988,Cordia,,004180,structural,edc,
Mitsubishi,Van Wagon,Van,88,u,r,1987,1990,,,004550,structural,edc,
Nissan,200SX,"2d,4d,SW",92.1,u,r,1980,1983,,,000830,structural,edc-flagged,
Nissan,200SX,"2d,3d",94.5,u,r,1980,1983,,New,000830,structural,edc-flagged,
Nissan,200SX,"2d,3d",95.5,u,r,1984,1988,,,000890,structural,edc,
Nissan,210,3d,92.1,u,r,1980,1982,,,000840,structural,edc,
Nissan,210,"2,3,4d,SW",92.1,u,r,1980,1982,,,000840,structural,edc,
Nissan,240SX,Cnv,97.4,u,r,1989,1994,,,004640,structural,edc,
Nissan,240SX,"2d,3d",97.4,u,r,1989,1994,,,004640,structural,edc,
Nissan,240SX,2d,99.4,u,r,1995,1998,,,004650,structural,edc,
Nissan,"280ZX,2+2",2d,"90.7,102.6",u,r,1980,1983,,,000850,structural,edc,
Nissan,"300ZX,2+2",3d,"91.3,99.2",u,r,1984,1989,,,004270,structural,edc,
Nissan,"300ZX,2+2","3d,Conv","96.5,101.2",u,r,1990,1996,,,004280,structural,edc,
Nissan,"300ZX,2+2",3d,"96.5,101.2",u,r,1990,1996,,,004280,structural,edc,
Nissan,310,"2d,3d,4d",94.3,u,f,1980,1982,,,000860,structural,edc,
Nissan,350Z,"2d, Conv",104.3,u,r,2003,2008,,,006210,structural,edc,
Nissan,350Z,2d,104.3,u,r,2003,2008,,New,006210,structural,edc,
Nissan,370Z,"2d, Conv",100.4,u,r,2009,2012,,,006215,structural,edc,
Nissan,510,"2d,4d,SW",94.5,u,r,1980,1981,,,000870,structural,edc,
Nissan,510,"2d,5d,SW",94.5,u,r,1980,1981,,,000870,structural,edc,
Nissan,720,Pickup,"104,111",f,"r,4",1981,1986,,Continues to 86-1/2,004020,structural,edc-flagged,
Nissan,810,"2d,4d,SW",104.3,u,r,1980,1980,,,000880,structural,edc,
Nissan,Altima,4d,103.1,u,f,1993,1997,,,005260,structural,edc,
Nissan,Altima,4d,103.1,u,f,1998,2001,,,005270,structural,edc,
Nissan,Altima,4d,110.2,u,f,2002,2006,,,005280,structural,edc,
Nissan,Altima,"2d,4d",109.3,u,f,2007,2012,,,005290,structural,edc,
Nissan,Armada,SUV,123.2,u,"r,4",2004,2012,,,006341,structural,edc,
Nissan,Axxess,Van,102.8,u,f,1989,1990,,,004630,structural,edc,
Nissan,Cross Cabriolet,Conv SUV,111.2,u,"f,4",2011,2012,Murano,,006971,structural,edc,
Nissan,Cube,SW,99.6,u,f,2010,2012,,,007440,structural,edc,
Nissan,Frontier,Pickup,"104.3,116.1",f,"r,4",1998,2004,,,005780,structural,edc,
Nissan,Frontier,Pickup,"116.1,129.9",f,"r,4",2005,2012,,,006450,structural,edc,
Nissan,GTR,2d,109.5,u,r,2009,2012,,,006980,structural,edc,
Nissan,Hardbody,Pickup,"104.3,116.1",f,"r,4",1986,1997,,,004541,structural,edc,
Nissan,Juke,SW,99.6,u,f,2011,2012,,Based on Versa,007441,structural,edc,
Nissan,Leaf,5d,106.3,u,f,2011,2012,,Electric,007450,structural,edc,
Nissan,Maxima,"2d,4d,SW",104.3,u,r,1982,1984,,,003900,structural,edc,
Nissan,Maxima,"2d,4d,SW",104.3,u,f,1985,1988,,New FWD,003910,structural,edc,
Nissan,Maxima,"2d,4d,SW",104.3,u,f,1986,1988,,,003910,structural,edc,
Nissan,Maxima,4d,104.3,u,f,1989,1994,,,003920,structural,edc,
Nissan,Maxima,4d,106.3,u,f,1995,1999,,,003930,structural,edc,
Nissan,Maxima,4d,108.3,u,f,2000,2003,,,003932,structural,edc,
Nissan,Maxima,4d,111.2,u,f,2004,2008,,,005281,structural,edc,
Nissan,Maxima,4d,109.3,u,f,2009,2012,,Altima Chassis,005291,structural,edc,
Nissan,Maxima/810,"4d,SW",104.3,u,r,1981,1984,,New.Also 810 or 810 Maxim,003900,structural,edc,
Nissan,Murano,SUV,111.2,u,"f,4",2003,2007,,,006200,structural,edc,
Nissan,Murano,SUV,111.2,u,"f,4",2009,2012,,,006970,structural,edc,
Nissan,NX,3d,95.7,u,f,1991,1993,,,004870,structural,edc,
Nissan,Pathfinder,SUV,104.3,f,"r,4",1987,1995,Pickups(Fr),,004540,structural,edc,
Nissan,Pathfinder,SUV,106.3,u,"r,4",1996,2004,,,005550,structural,edc,
Nissan,Pathfinder,SUV,106.3,f,"r,4",2004,2012,Frontier (frontal),,006452,structural,edc,
Nissan,Pathfinder,SUV,106.3,f,"r,4",2005,2012,Frontier(Frontal),New.Back to frame/body,006452,structural,edc,
Nissan,Pickup,Pickup,"104.3,116.1",f,"r,4",1986,1997,,,004541,structural,edc,
Nissan,Pulsar,"2d,3d,5d",94.3,u,f,1983,1986,,,000900,structural,edc-flagged,
Nissan,Pulsar,"2d,3d,4d",94.3,u,f,1983,1982,,New,000900,structural,edc-flagged,
Nissan,Pulsar,3d,95.7,u,f,1987,1990,,,000910,structural,edc,
Nissan,Quest,MiniVan,112.2,u,f,1993,1998,Mercury Villager,,003140,structural,edc,
Nissan,Quest,MiniVan,112.2,u,f,1999,2003,Mercury Villager,,003141,structural,edc,
Nissan,Quest,Van,124,u,f,2004,2010,,,006350,structural,edc,
Nissan,Quest,Van,118.1,u,f,2011,2012,,,007460,structural,edc,
Nissan,Rogue,SW,105.9,u,4,2008,2012,Sentra,,006780,structural,edc,
Nissan,Sentra,"2,3,4,SW",99.5,u,f,1982,1986,,,004070,structural,edc,
Nissan,Sentra,"2,3,4,SW",95.7,u,f,1987,1990,,,004080,structural,edc,
Nissan,Sentra,"2d,4d",95.7,u,f,1991,1994,,,004090,structural,edc-flagged,
Nissan,Sentra,4d,99.8,u,f,1995,1999,,,004090,structural,edc-flagged,
Nissan,Sentra,4d,99.8,u,f,2000,2006,,,004100,structural,edc,
Nissan,Sentra,4d,105.7,u,f,2007,2012,,,004110,structural,edc,
Nissan,"Sentra, 200SX","4d,2d",99.8,u,f,1995,1999,,,004120,structural,edc,
Nissan,Stanza,4d,97.2,u,f,1982,1986,,,004060,structural,edc,
Nissan,Stanza,"3d,5d,SW","97.2,99",u,f,1982,1986,,New Wagon,004060,structural,edc,
Nissan,Stanza,"3d,5d",97.2,u,f,1982,1986,,,004060,structural,edc,
Nissan,Stanza,4d,100.4,u,f,1987,1989,,,004520,structural,edc,
Nissan,Stanza,4d,100.4,u,f,1990,1992,,,004530,structural,edc,
Nissan,Stanza S/W,S/W,99,u,f,1986,1989,,,004410,structural,edc,
Nissan,Titan,Pickup,123.2,f,"r,4",2004,2012,,,006340,structural,edc,
Nissan,Van,Van,92.5,u,r,1987,1990,,,004510,structural,edc,
Nissan,Versa,5d,102.4,u,f,2007,2012,,5d stays on old body,006680,structural,edc,
Nissan,Versa,"4d,5d",102.4,u,f,2007,2012,,,006680,structural,edc,
Nissan,Versa,4d,102.4,u,f,2012,2012,,New,007690,structural,edc,
Nissan,Xterra,SUV,104.3,f,"r,4",2000,2004,Frontier (frontal),,005781,structural,edc,
Nissan,Xterra,SUV,106.3,f,"r,4",2005,2012,Frontier (frontal),,006451,structural,edc,
Oldsmobile,"88, LSS",4d,110.8,u,f,1992,1999,"LeSabre,Bonneville",,002304,structural,edc,
Oldsmobile,98,"2d,4d",127,f,r,1974,1976,GM Fullsize(Watch WB),,000030,structural,edc-flagged,
Oldsmobile,98,"2d,4d",119,f,r,1977,1984,Electra,Also see Delta 88,000200,structural,edc-flagged,
Oldsmobile,98,"2d,4d",110.8,u,f,1985,1990,"Electra,DeVille",,002300,structural,edc-flagged,
Oldsmobile,98,"2d,4d",110.8,u,f,1991,1996,Park Avenue,,002301,structural,edc,
Oldsmobile,Achieva,"2d,4d",103.4,u,f,1992,1998,"GrandAm,Skylark",,002232,structural,edc,
Oldsmobile,Alero,"2d,4d",107,u,f,1999,2004,GrandAm,,002340,structural,edc,
Oldsmobile,Aurora,4d,113.8,u,f,1995,1999,"Pk Av, Riv, Seville",,002320,structural,edc,
Oldsmobile,Aurora,4d,113.8,u,f,2001,2003,,,002330,structural,edc,
Oldsmobile,Bravada,SUV,107,f,4,1991,1994,S10/T10 Blazer,Also older S10 Blazers,002091,structural,edc-flagged,
Oldsmobile,Bravada,SUV,107,f,"r,4",1996,2001,"Jimmy, Blazer",,002101,structural,edc-flagged,
Oldsmobile,Bravada,SUV,117,f,"r,4",2002,2004,"Envoy, TrailBlazer",,002110,structural,edc-flagged,
Oldsmobile,Calais,"2d,4d",103.4,u,f,1985,1991,"GrandAm,Skylark",,002230,structural,edc,
Oldsmobile,Calais,2d,103.4,u,f,1985,1991,"GrandAm,Somerset",New.NOT Cutlass Calais,002230,structural,edc,
Oldsmobile,Custom Cruiser,SW,116,f,r,1977,1990,Older GM Fullsize RWD,Same old RWD car,000200,structural,edc-flagged,
Oldsmobile,Custom Cruiser,SW,115.9,f,r,1991,1992,Caprice,,002310,structural,edc-flagged,
Oldsmobile,Cutlass,"2d,4d,SW","112,116",f,r,1974,1977,Malibu,Wagon Vista Cruiser,000020,structural,edc,
Oldsmobile,Cutlass,"2d,4d",105,u,f,1997,1999,Malibu,,002400,structural,edc-flagged,
Oldsmobile,Cutlass Calais,2d,108,f,r,1978,1987,Monte Carlo,,000221,structural,edc,
Oldsmobile,Cutlass Ciera,"2d,4d",105,u,f,1982,1996,Century,,002210,structural,edc,
Oldsmobile,Cutlass Ciera,"2d,4d,SW",105,u,f,1982,1996,Celebrity,,002210,structural,edc,
Oldsmobile,Cutlass Sal/Sup,"2d,4d,SW",108,f,r,1978,1987,Malibu,Wagon Cutl Cruiser,000220,structural,edc-flagged,
Oldsmobile,Cutlass Salon,"2d,4d,SW",108,f,r,1978,1987,Malibu,Wagon Cutl Cruiser,000220,structural,edc-flagged,
Oldsmobile,Cutlass Supreme,"2d,4d",108,f,r,1978,1987,"Malibu,etc.",,000220,structural,edc-flagged,
Oldsmobile,Cutlass Supreme,"2d,4d,SW",108,f,r,1978,1987,Malibu,,000220,structural,edc-flagged,
Oldsmobile,Cutlass Supreme,2d,108,f,r,1978,1987,Monte Carlo,Also Cutlass Calais,000221,structural,edc,
Oldsmobile,Cutlass Supreme,"2d,4d",107.5,u,f,1988,1997,"96Regal, Lumina, 96GP",NOT 97-1/2 Regal!,002501,structural,edc,
Oldsmobile,Cutlass Supreme,"2d,4d",107.5,u,f,1988,1997,"Grand Prix,Regal",,002500,structural,edc-flagged,
Oldsmobile,Cutlass Supreme,2d,107.5,u,f,1988,1997,"Grand Prix,Regal",,002500,structural,edc-flagged,
Oldsmobile,Delta 88,"2d,4d,SW",124,f,r,1974,1976,GM Fullsize(Watch WB),Wagon Custom Cruiser,000030,structural,edc-flagged,
Oldsmobile,Delta 88,"2d,4d,SW",116,f,r,1977,1985,Caprice,Same old RWD car,000200,structural,edc-flagged,
Oldsmobile,Delta 88,"2d,4d",110.8,u,f,1986,1991,"LeSabre,Bonneville",,002303,structural,edc,
Oldsmobile,Delta 88,"2d,4d",110.8,u,f,1992,1999,"LeSabre,Bonneville",,002304,structural,edc,
Oldsmobile,Firenza,"2d,4d",101.2,u,f,1982,1988,Cavalier,,002240,structural,edc,
Oldsmobile,Intrigue,4d,109,u,f,1998,2002,"Century/Regal,Gr Prix",,002220,structural,edc-flagged,
Oldsmobile,Omega,"2d,3d,4d",111,f,r,1974,1979,Nova,,000010,structural,edc,
Oldsmobile,Omega,"2d,4d",105,u,f,1980,1984,Citation,,000350,structural,edc,
Oldsmobile,Silhouette,Van,109.8,u,f,1990,1996,"90-93 APV,TranSport",,002150,structural,edc,
Oldsmobile,Silhouette,Van,120,u,f,1997,2004,"Venture, Montana",,002160,structural,edc-flagged,
Oldsmobile,Starfire,3d,97,u,r,1975,1980,Monza,,000071,structural,edc,
Oldsmobile,Toronado,2d,122,f,f,1974,1978,Riviera(/Eldorado?),,000041,structural,edc-flagged,
Oldsmobile,Toronado,2d,122,f,f,1974,1978,Riviera(/Eldorado?),"Riv is RWD. Still,comparable",000040,structural,edc-flagged,
Oldsmobile,Toronado,2d,114,f,f,1979,1985,"Riviera,Eldorado",,000250,structural,edc,
Oldsmobile,Toronado,2d,108,u,f,1986,1989,"Riviera,Eldorado",,002510,structural,edc,
Oldsmobile,Toronado,2d,108,u,f,1990,1992,Riviera,,002511,structural,edc,
Panoz,Esperante,Conv,,u,r,2002,2008,,,006190,structural,edc,
Peugeot,405,4d,105.1,u,f,1989,1991,,,004620,structural,edc,
Peugeot,504,SW,114,u,r,1980,1983,,,000920,structural,edc,
Peugeot,505,SW,107.9,u,r,1980,1991,,,000930,structural,edc,
Peugeot,505,"4d,SW",107.9,u,r,1980,1991,,,000930,structural,edc,
Peugeot,505,4d,107.9,u,r,1980,1991,,,000930,structural,edc,
Peugeot,604,4d,110.2,u,r,1980,1984,,,000940,structural,edc,
Plymouth,Acclaim,4d,103.3,u,f,1989,1995,"Old Spirit,LeBaron",One more year.,003360,structural,edc,
Plymouth,Arrow,Pickup,109.4,f,r,1980,1982,"Dodge D50, Mitsubishi",,000450,structural,edc-flagged,
Plymouth,Arrow,3d,92.1,u,r,1980,1980,"Dodge Colt Wagon,2d",,000430,structural,edc-flagged,
Plymouth,Barracuda,2d,108,u,r,1974,1974,Challenger,,000090,structural,edc,
Plymouth,Breeze,4d,108,u,f,1996,2000,"Cirrus, Stratus",,003500,structural,edc-flagged,
Plymouth,Caravelle,4d,103.3,u,f,1985,1988,"600,New Yorker Turbo",Not plain New Yorker,003210,structural,edc-flagged,
Plymouth,Champ,"3d,5d","90.6,93.6",u,f,1980,1983,Dodge Colt,,000420,structural,edc,
Plymouth,Champ,3d,90.6,u,f,1980,1983,Dodge Colt,,000420,structural,edc,
Plymouth,Colt,"3d,5d","90.6,93.6",u,f,1980,1984,Dodge Colt,,000420,structural,edc,
Plymouth,Colt,"3d,4d,5d","90.6,93.7",u,f,1985,1988,"Dge Colt, Mitsu Mira",,003890,structural,edc,
Plymouth,Colt,3d,93.9,u,f,1989,1992,"Mirage,Summit",Also Dodge,003370,structural,edc-flagged,
Plymouth,Colt,"2d,4d","96.1,98.4",u,f,1993,1994,"Summit, Mitsu Mirage",Also sold as Dodge,003440,structural,edc,
Plymouth,Colt Vista,SW,103.3,u,f,1984,1991,Dodge Colt Vista,,004250,structural,edc,
Plymouth,Colt Vista,SW,103.3,u,f,1984,1989,Dodge Colt Vista,New,004250,structural,edc,
Plymouth,Colt Vista,SW,99.2,u,f,1992,1994,"Summit Wgn,Mitsu Expo",,003410,structural,edc-flagged,
Plymouth,Fury,"2d,4d,SW","115,117",u,r,1974,1978,Monaco,,000100,structural,edc,
Plymouth,"Fury I,II,III","2d,4d,SW","120,122",u,r,1974,1978,Monaco,Later Gran Fury,000120,structural,edc-flagged,
Plymouth,Gran Fury,"2d,4d,SW 121,124(S",,u,r,1974,1978,Monaco,,000120,structural,edc-flagged,
Plymouth,Gran Fury,4d,118.5,u,r,1980,1981,"St Regis,Newport/N Y",,000260,structural,edc,
Plymouth,Gran Fury,4d,112.7,u,r,1982,1989,"Diplomat,N Yorker",New Plymouth version(Watch out,000191,structural,edc-flagged,
Plymouth,Gran Fury,4d,112.7,u,r,1983,1989,"Diplomat,N Y 5th Ave",,000191,structural,edc-flagged,
Plymouth,Horizon,5d,99.1,u,f,1978,1990,Omni,,000230,structural,edc,
Plymouth,Horizon TC3,3d,96.7,u,f,1979,1987,Omni 024,Also Turismo,000231,structural,edc,
Plymouth,Laser,3d,97.2,u,f,1990,1994,"Talon,Eclipse",,003390,structural,edc,
Plymouth,Neon,"2d,4d",104,u,f,1995,1999,Dodge Neon,Also sold by Dodge,003480,structural,edc,
Plymouth,Neon,4d,105,u,f,2000,2005,Dodge Neon,Also sold by Dodge,003481,structural,edc,
Plymouth,Prowler,2d,113.3,f,f,1998,2002,None!,Aluminum Chassis.,003550,structural,edc,
Plymouth,Reliant,"2d,4d",99.6,u,f,1981,1989,Aries,,003190,structural,edc,
Plymouth,Reliant,"2d,4d,SW",99.6,u,f,1981,1989,Aries,,003190,structural,edc,
Plymouth,Sapporo,2d,99.6,u,r,1980,1983,Dodge Challenger,,000410,structural,edc,
Plymouth,Satellite,"2d,4d,SW","115,117",u,r,1974,1978,Coronet,Later Fury,000100,structural,edc,
Plymouth,Scamp,2d,111,u,r,1974,1976,Dart Swinger,Also Valiant Brougham 2d,000110,structural,edc-flagged,
Plymouth,Scamp,Car/Pckup,104.2,u,f,1982,1982,Rampage,Also Horizon TC3/Omni 024 (Fr),000232,structural,edc,
Plymouth,Sebring,2d,115,u,r,1974,1974,Charger,Also Road Runner,000100,structural,edc,
Plymouth,Sundance,"3d,5d",97.2,u,f,1987,1994,Shadow,,003260,structural,edc,
Plymouth,Trailduster,SUV,106,f,4,1980,1982,Ramcharger,,000441,structural,edc,
Plymouth,Turismo,3d,96.7,u,f,1979,1987,Charger,,000231,structural,edc,
Plymouth,Valiant/Duster,"2d,4d","108,111",u,r,1974,1976,Dart,,000110,structural,edc-flagged,
Plymouth,Volare,"2d,4d,SW","108.7,112.7",u,r,1976,1980,Aspen,,000190,structural,edc,
Plymouth,Voyager,Van,"109,127",f,r,1980,1983,Ram Van,,000460,structural,edc-flagged,
Plymouth,Voyager,MiniVan,112,u,f,1984,1990,Caravan,,003220,structural,edc-flagged,
Plymouth,"Voyager,Grand V.",Van,"112,119.1",u,f,1984,1990,Caravan,,003220,structural,edc-flagged,
Plymouth,"Voyager,Grand V.",Van,"112.3,119.3",u,f,1991,1995,Caravan,,003221,structural,edc-flagged,
Plymouth,"Voyager,Grand V.",Van,"112.3,119.3",u,f,1996,2000,"Caravan,Town&Country",,003520,structural,edc-flagged,
Pontiac,6000,"2d,4d",105,u,f,1982,1990,Celebrity,,002210,structural,edc,
Pontiac,Astre,"2d,3d,SW",97,u,r,1975,1977,Vega,,000070,structural,edc,
Pontiac,Aztek,Van(?),108.3,u,"f,4",2001,2005,Buick Rendezvous,Based on Venture/Montana,002161,structural,edc-flagged,
Pontiac,Bonneville,"2d,4d,SW",127,f,r,1974,1976,GM Fullsize(Watch WB),"Also Catalina(124WB),Safari",000030,structural,edc-flagged,
Pontiac,Bonneville,"2d,4d,SW 124,127(S",,f,r,1974,1976,GM Fullsize(Watch WB),"Also Catalina,Gr Ville,Safari",000030,structural,edc-flagged,
Pontiac,Bonneville,"2d,4d,SW",116,f,r,1977,1981,Other GM Fullsize,"Also Catalina,Safari",000200,structural,edc-flagged,
Pontiac,Bonneville,"4d,SW",108,f,r,1982,1986,"Cutl Sup,Regal",,000220,structural,edc-flagged,
Pontiac,Bonneville,4d,110.8,u,f,1987,1991,"88,LeSabre",,002303,structural,edc,
Pontiac,Bonneville,4d,110.8,u,f,1992,1999,"88,LeSabre",,002304,structural,edc,
Pontiac,Bonneville,4d,112.2,u,f,2000,2005,"LeSbre,PkAv,Seville",,002321,structural,edc-flagged,
Pontiac,Bonneville G,"4d,SW",108,f,r,1982,1986,Malibu,,000220,structural,edc-flagged,
Pontiac,Fiero,2d,93.4,u,r,1984,1988,,,002480,structural,edc,
Pontiac,Firebird,2d,108,u,r,1974,1981,Camaro,Also TransAm,000050,structural,edc,
Pontiac,Firebird,2d,101,u,r,1982,1992,Camaro,Also TransAm,002450,structural,edc,
Pontiac,Firebird,"2d, Conv",101.1,u,r,1993,1997,Camaro,Also TransAm,002460,structural,edc,
Pontiac,Firebird,2d,101.1,u,r,1993,1997,Camaro,New. Also TransAm,002460,structural,edc,
Pontiac,Firebird,"2d, Conv",101.1,u,r,1998,2002,Camaro,,002461,structural,edc,
Pontiac,G3,5d,97.6,u,f,2009,2009,Aveo,New. (to Pontiac),002361,structural,edc,
Pontiac,G5,2d,103.3,u,f,2007,2009,Cobalt,,002260,structural,edc,
Pontiac,G6,"2d,4d,cnv",112.3,u,f,2005,2009,"Malibu, 9-3, Aura",,002370,structural,edc-flagged,
Pontiac,G6,4d,112.3,u,f,2005,2009,"Malibu, 9-3",New,002370,structural,edc-flagged,
Pontiac,G8,4d,114.8,u,r,2008,2009,Holden Commodore,,002470,structural,edc,
Pontiac,GTO,2d,109.8,u,r,2004,2006,Holden Monaro,Australian Import,002570,structural,edc,
Pontiac,Grand Prix,2d,116,f,r,1974,1977,Monte Carlo,,000021,structural,edc,
Pontiac,Grand Prix,2d,108,f,r,1978,1987,"Monte Carlo,Malibu",,000221,structural,edc,
Pontiac,Grand Prix,"2d,4d",107.5,u,f,1988,1996,"Cutl Sup,Regal,Lumina",,002500,structural,edc-flagged,
Pontiac,Grand Prix,2d,107.5,u,f,1988,1996,"Cutlass Supreme,Regal",,002500,structural,edc-flagged,
Pontiac,Grand Prix,4d,110.5,u,f,1997,2005,Century/Regal,,002220,structural,edc-flagged,
Pontiac,Grand Prix,"2d,4d",110.5,u,f,1997,2005,"Century, Intrigue",,002220,structural,edc-flagged,
Pontiac,Grand Prix,4d,110.5,u,f,2006,2008,"Impala, LaCrosse",,002650,structural,edc,
Pontiac,GrandAm,"2d,4d","112,116",f,r,1974,1977,See LeMans,,000020,structural,edc,
Pontiac,GrandAm,"2d,4d",103.4,u,f,1985,1991,"Calais,Skylark",,002230,structural,edc,
Pontiac,GrandAm,2d,103.4,u,f,1985,1991,Calais(NOT Cutlass),New,002230,structural,edc,
Pontiac,GrandAm,"2d,4d",103.4,u,f,1992,1998,"Achieva,Skylark",,002232,structural,edc,
Pontiac,GrandAm,"2d,4d",107,u,f,1999,2005,Alero (99-04),,002340,structural,edc,
Pontiac,J-2000,"2d,3d,SW",101.2,u,f,1982,1994,Cavalier,,002240,structural,edc,
Pontiac,LeMans,"2d,4d","112,116",f,r,1974,1977,Malibu,,000020,structural,edc,
Pontiac,LeMans,"2d,4d",108,f,r,1978,1981,Malibu,,000220,structural,edc-flagged,
Pontiac,LeMans,"3d,4d",99.2,u,r,1988,1993,,Korean-built Opel design,002530,structural,edc,
Pontiac,Montana,Van,"112,120",u,f,1997,2005,Venture,Was TranSport,002160,structural,edc-flagged,
Pontiac,Montana SV6,Van,121.1,u,"f,4",2005,2006,"Uplander,Relay,Terraz",,002162,structural,edc,
Pontiac,Parisienne,"4d,SW",116,f,r,1983,1986,Caprice,,000200,structural,edc-flagged,
Pontiac,Phoenix,"2d,3d,4d",111,f,r,1974,1979,Nova,,000010,structural,edc,
Pontiac,Phoenix,"2d,5d",105,u,f,1980,1984,Citation,,000350,structural,edc,
Pontiac,Safari,SW,116,f,r,1977,1989,Older GM Fullsize RWD,Same old RWD car,000200,structural,edc-flagged,
Pontiac,Solstice,"2d,Conv",95,u,r,2006,2009,Saturn Sky,,002610,structural,edc,
Pontiac,Solstice,Conv,95,u,r,2006,2009,Saturn Sky,,002610,structural,edc,
Pontiac,Sunbird,"2d,3d,SW",97,u,r,1976,1980,Monza,,000071,structural,edc,
Pontiac,Sunbird,2d,97,u,r,1976,1980,Monza,,000071,structural,edc,
Pontiac,Sunbird,"2d,SW",101.2,u,f,1982,1994,Cavalier,,002240,structural,edc,
Pontiac,Sunbird,"2d,3d,SW",101.2,u,f,1982,1994,Cavalier,,002240,structural,edc,
Pontiac,Sunfire,2d,104.1,u,f,1995,2005,Cavalier,,002250,structural,edc,
Pontiac,Sunfire,"2d,4d",104.1,u,f,1995,2005,Cavalier,,002250,structural,edc,
Pontiac,Sunfire,"2d,4d,Con",104.1,u,f,1995,2005,Cavalier,,002250,structural,edc,
Pontiac,Sunfire,"2d,SW",104.1,u,f,1995,2005,Cavalier,New,002250,structural,edc,
Pontiac,T-1000,"3d,5d",94.3,u,r,1981,1987,Chevette,,000210,structural,edc,
Pontiac,Torrent,SUV,112.5,u,"f,4",2006,2009,"VUE,Equinox",New(to Pontiac),002180,structural,edc,
Pontiac,Torrent,SW,112.5,u,"f,4",2007,2009,"Equinox, Vue",,002180,structural,edc,
Pontiac,TranSport,MiniVan,109.8,u,f,1990,1993,Lumina APV,,002150,structural,edc,
Pontiac,TranSport,MiniVan,109.8,u,f,1994,1996,Lumina APV,,002151,structural,edc,
Pontiac,TranSport,MiniVan,"112,120",u,f,1997,2005,"Venture, Silhouette",,002160,structural,edc-flagged,
Pontiac,Ventura,"2d,3d,4d",111,f,r,1974,1979,Nova,Also Phoenix,000010,structural,edc,
Pontiac,Vibe,SW,102.4,u,"f,4",2003,2008,Toyota Matrix,Based on Corolla,001271,structural,edc,
Pontiac,Vibe,4d,102.4,u,"f,4",2003,2008,Toyota Matrix,Based on Corolla,001271,structural,edc,
Pontiac,Vibe,SW,102.4,u,"f,4",2009,2010,Toyota Matrix,Based on Corolla,001281,structural,edc,
Porsche,911,2d,89.4,u,r,1980,1989,,,000950,structural,edc,
Porsche,911,2d,89.4,u,r,1995,1998,Older 911?,,000952,structural,edc,
Porsche,911,2d,89.4,u,r,1999,2005,,,000980,structural,edc,
Porsche,911,2d,92.5,u,r,2006,2012,,Old 997 Body,000981,structural,edc,
Porsche,911,2d,92.5,u,"r,4",2006,2011,,Also Targa,000981,structural,edc,
Porsche,911,2d,96.5,u,"r,4",2012,2012,,New 991 Body,007700,structural,edc,
Porsche,911 Turbo,2d,89.4,u,r,1999,2005,,,000980,structural,edc,
Porsche,911 Turbo,2d,92.5,u,r,2006,2012,,,000981,structural,edc,
Porsche,"911, Turbo",2d,89.4,u,r,1999,2005,,,000980,structural,edc,
Porsche,924,3d,94.5,u,r,1980,1988,,,000960,structural,edc,
Porsche,928,3d,98.4,u,r,1980,1995,,,000970,structural,edc,
Porsche,928S4,3d,98.4,u,r,1980,1995,,,000971,structural,edc,
Porsche,944,3d,94.5,u,r,1983,1991,,,000961,structural,edc,
Porsche,968,"3d,Conv",94.5,u,r,1992,1995,Old 944?,,000962,structural,edc,
Porsche,Boxter,Conv,95,u,r,1997,2004,,,005600,structural,edc,
Porsche,Boxter,Conv,95.1,u,r,2005,2012,Cayman,Also Spyder,005601,structural,edc,
Porsche,Carrera 2/4,2d,94.5,u,r,1990,1994,Old 911,,000951,structural,edc,
Porsche,"Carrera 2/4,911Turb",2d,94.5,u,r,1990,1994,Older 911,Restyle,000951,structural,edc,
Porsche,Carrera GT,Conv,107.5,u,r,2004,2006,,,006330,structural,edc,
Porsche,Cayenne,SW,112.4,u,"r,4",2003,2010,"VW Toureg, Audi Q7",,001970,structural,edc,
Porsche,Cayenne,SW,114.0,u,"r,4",2011,2012,,,007470,structural,edc,
Porsche,Cayman,2d,95.1,u,r,2006,2012,,,005602,structural,edc,
Porsche,Panamera,4d,115,u,"r,4",2010,2012,,,007080,structural,edc,
Ram,1500,Pickup,"120,140",f,"r,4",2009,2012,,,003800,structural,edc,
Ram,Cargo Van,Van,121.2,u,f,2012,2012,"Town&Cntry, VW Routan",Cargo version of Caravan,003780,structural,edc,
Ram,HD 25/3500,Pickup,,f,"r,4",2010,2012,,Heavy Duty,003810,structural,edc,
Renault,18i,"4d,SW",96,u,f,1981,1986,,,003880,structural,edc,
Renault,Alliance,4d,97.8,u,f,1983,1985,R9 in Europe,,004170,structural,edc,
Renault,"Alliance,Encore","3d,4d,5d",97.8,u,f,1983,1985,R9 in Europe,,004170,structural,edc,
Renault,Fuego,3d,96.2,u,f,1982,1985,18i,Coupe of 18i,003880,structural,edc,
Renault,Fuego,3d,96,u,f,1983,1985,18i,,003880,structural,edc,
Renault,LeCar,3d,95.2,u,f,1980,1983,,Also R-5,000990,structural,edc,
Renault,LeCar,"3d,5d",95.2,u,f,1980,1983,,New 5d,000990,structural,edc,
Renault,Medallion,"4d,SW","102.3,108.2",u,f,1987,1989,,New,003330,structural,edc,
Renault,Medallion,"4d,SW","102.3,108.2",u,f,1988,1989,Eagle Medallion,,003330,structural,edc,
Renault,Sportwagon,SW,96,u,f,1981,1986,18i,,003880,structural,edc,
RollsRoyce,Corniche,Cnv,124.5,f,r,2001,2003,Bentley Azure,,005530,structural,edc-flagged,
RollsRoyce,Ghost,4d,"129.7,136.4",u,r,2011,2012,,New EWB long WB,007480,structural,edc,
RollsRoyce,Phantom,"2d,4d,Cnv","130.7,140.6",f,r,2004,2012,,,006320,structural,edc-flagged,
RollsRoyce,Phantom,"4d, Conv",140.6,f,r,2004,2012,,,006320,structural,edc-flagged,
RollsRoyce,Phantom,4d,140.6,f,r,2004,2012,,,006320,structural,edc-flagged,
RollsRoyce,Silver Seraph,4d,,f,r,1999,2003,Bentley Arnage,,005530,structural,edc-flagged,
RollsRoyce,Silver Spur,4d,124.5,f,r,1980,1998,Bentley,,005520,structural,edc-flagged,
Rover,Range Rover,SUV,100,f,4,1988,1995,,,004560,structural,edc,
Saab,9-2X,SW,99.4,u,4,2005,2006,Subaru Imprezza,,006090,structural,edc,
Saab,9-3,"5d, Cnv",102.6,u,f,1999,2002,,,002380,structural,edc,
Saab,9-3,4d,105.3,u,f,2003,2011,,,002371,structural,edc-flagged,
Saab,9-3,4d,105.3,u,f,2003,2011,,,002370,structural,edc-flagged,
Saab,9-3 Conv,Conv,102.6,u,f,1999,2003,,,002380,structural,edc,
Saab,9-3 Conv,Conv,105.3,u,f,2004,2011,,,002371,structural,edc-flagged,
Saab,9-3 Conv,Conv,105.3,u,f,2004,2011,,,002370,structural,edc-flagged,
Saab,9-3X,SW,105.3,u,4,2010,2011,,,002371,structural,edc-flagged,
Saab,9-5,"4d,5d",106.4,u,f,1999,2009,,,005820,structural,edc,
Saab,9-5,4d,111.7,u,f,2011,2011,LaCrosse,New,003150,structural,edc,
Saab,9-7X,SW,113,f,4,2005,2009,"Chev Trailblazer, etc",,002110,structural,edc-flagged,
Saab,900,"3d,5d,Cnv",99.4,u,f,1980,1993,,,001000,structural,edc,
Saab,900,"3d,5d",99.4,u,f,1980,1993,,,001000,structural,edc,
Saab,900,"5d, Cnv",102.4,u,f,1994,1998,,,001050,structural,edc,
Saab,900,5d,102.4,u,f,1994,1998,,New,001050,structural,edc,
Saab,900 Conv,Cnv,99.1,u,f,1980,1994,Older 900's,Extra year old body,001000,structural,edc,
Saab,9000,"4d,5d",105.2,u,f,1986,1998,,,004400,structural,edc,
Saab,9000,5d,105.2,u,f,1986,1998,,,004400,structural,edc,
Saab,99,2d,97.4,u,f,1980,1980,,,001010,structural,edc,
Saab,"L100,200,300","4d, SW",106.5,u,f,2000,2005,,,002590,structural,edc,
Saab,LS,4d,106.5,u,f,2000,2006,,New,002590,structural,edc,
Saab,SC,2d,102.4,u,f,1997,2002,Saturn SL,,002601,structural,edc,
Saab,"SC1,SC2",2d,102.4,u,f,1997,2002,Saturn SL's,,002601,structural,edc,
Saab,"SL,SW","4d,SW",102.4,u,f,1996,2002,Saturn SC,,002601,structural,edc,
Saab,"SL1,SL2","4d,SW",102.4,u,f,1996,2002,Saturn SC's,,002601,structural,edc,
Saturn,Astra,"3d,5d",,u,f,2008,2010,Opel Astra,,002390,structural,edc,
Saturn,Aura,4d,112.3,u,f,2007,2010,"G6, 9-3, Malibu",Stretched Opel Vectra,002371,structural,edc-flagged,
Saturn,Ion,"2d,4d",103.2,u,f,2003,2007,"Cobalt, G5",,002260,structural,edc,
Saturn,"L100,200,300","4d, SW",106.5,u,f,2000,2005,,,002590,structural,edc,
Saturn,"L200,300","4d, SW",106.5,u,f,2000,2005,,Mild Restyle,002590,structural,edc,
Saturn,L300,"4d, SW",106.5,u,f,2000,2005,,,002590,structural,edc,
Saturn,Outlook,SW,118.9,u,"f,4",2007,2010,GMC Acadia,,002170,structural,edc,
Saturn,Relay,Van,121.1,u,"f,4",2005,2007,"Uplander,Terraza",,002162,structural,edc,
Saturn,SC,2d,102.4,u,f,1997,2002,Saturn SL,,002601,structural,edc,
Saturn,"SC1,SC2",2d,99.2,u,f,1991,1996,,Same old body,002600,structural,edc-flagged,
Saturn,"SC1,SC2",2d,102.4,u,f,1997,2002,Other Saturns(noteWB),New.switch to 96 sedan style,002601,structural,edc,
Saturn,"SL,SW","4d,SW",102.4,u,f,1996,2002,Saturn SC,,002601,structural,edc,
Saturn,"SL1,SL2","4d,SW",102.4,u,f,1991,1995,,,002600,structural,edc-flagged,
Saturn,"SL1,SL2","4d,SW",102.4,u,f,1996,2002,,,002601,structural,edc,
Saturn,Sky,Conv,95,u,r,2006,2010,Solstice,,002610,structural,edc,
Saturn,Sport Coupe,2d,99.2,u,f,1991,1996,,,002600,structural,edc-flagged,
Saturn,Sport Sedan,4d,102.4,u,f,1991,1995,,,002600,structural,edc-flagged,
Saturn,Vue,SW,106.6,u,"f,4",2002,2010,"Equinox, Torrent",,002181,structural,edc,
Scion,FR-S,2d,101.2,u,r,2013,2013,,New,007710,structural,edc,
Scion,iQ,3d,78.7,u,f,2011,2012,,,007490,structural,edc,
Scion,tC,2d,106.3,u,f,2005,2010,,,006440,structural,edc-flagged,
Scion,tC,2d,106.3,u,f,2011,2012,,,006440,structural,edc-flagged,
Scion,xA,SW,93.3,u,f,2004,2007,,,006310,structural,edc,
Scion,xB,SW,98,u,f,2004,2007,,,006300,structural,edc,
Scion,xB,SW,102.4,u,f,2008,2012,,,006770,structural,edc,
Scion,xD,SW,96.9,u,f,2008,2012,,,006760,structural,edc,
Smart,ForTwo,2d,,u,r,2008,2012,,,006750,structural,edc,
Sterling,825,4d,108.6,u,f,1987,1991,Acura Legend,,004470,structural,edc-flagged,
Sterling,827,4d,108.6,u,f,1987,1991,Acura Legend(86-90),,004470,structural,edc-flagged,
Subaru,B9 Tribeca,SUV,108.2,u,4,2006,2012,,,006570,structural,edc,
Subaru,BRZ,2d,101.2,u,r,2013,2013,,New,007710,structural,edc,
Subaru,Baja,Car/Pckup,104.3,u,4,2003,2006,Legacy,Legacy w/Pickup bed,005381,structural,edc,
Subaru,Brat,Car/Pckup,96.5,u,4,1980,1987,Older Subaru cars(Fr),,001031,structural,edc,
Subaru,"DL,GL","3d,SW","96.9,96.7",u,f,1980,1984,,,001030,structural,edc,
Subaru,"DL,GL","3d,4d","96.9,96.7",u,f,1980,1984,,New,001030,structural,edc,
Subaru,"DL,GL","3d,4d,SW",97,u,f,1985,1989,,,001060,structural,edc,
Subaru,"DL,GL","4d,SW",97,u,f,1985,1989,,New,001060,structural,edc,
Subaru,FE,3d,96.5,u,f,1980,1980,,,001040,structural,edc,
Subaru,Forester,SW,99.4,u,4,1998,2002,,,005750,structural,edc,
Subaru,Forester,SW,99.4,u,4,2003,2008,,,005760,structural,edc,
Subaru,Forester,SW,103,u,4,2009,2012,,,005770,structural,edc,
Subaru,Impreza,"2d,4d,SW",99.2,u,f,1993,2001,,"Also Outback Sport,RS",005150,structural,edc,
Subaru,Impreza,"4d,SW",99.1,u,f,1993,2001,,New.Shortened Legacy chassis.,005150,structural,edc,
Subaru,Impreza,"4d,SW",99.4,u,4,2002,2007,Saab 9-2X(older),"Also Outback Sport,WRX",006090,structural,edc,
Subaru,Impreza,"2d,4d,SW",99.4,u,4,2002,2007,,"New.Also Outback Sport,WRX",006090,structural,edc,
Subaru,Impreza,"4d,5d",99.4,u,4,2008,2012,,"Also WRX, Sti",006740,structural,edc,
Subaru,Impreza,"4d,5d",104.1,u,4,2012,2012,,New,007720,structural,edc,
Subaru,Impreza WRX/Sti,"4d,5d",99.4,u,4,2008,2012,,,006740,structural,edc,
Subaru,Justy,3d,90,u,f,1987,1994,,,004500,structural,edc,
Subaru,Legacy,"4d,SW",101.6,u,f,1990,1994,,,004730,structural,edc,
Subaru,Legacy,"4d,SW",103.5,u,f,1995,1999,,Also Outback,005380,structural,edc,
Subaru,Legacy,"4d,SW",104.3,u,4,2000,2004,,Also Outback,005381,structural,edc,
Subaru,Legacy,"4d,SW",105.1,u,4,2005,2009,Outback,,006430,structural,edc,
Subaru,Legacy,"4d,SW",108.3,u,4,2010,2012,Outback,,007070,structural,edc,
Subaru,Loyale,SW,97.2,u,a,1990,1994,,,004720,structural,edc-flagged,
Subaru,Loyale,"4d,SW",97.2,u,f,1990,1994,,,004720,structural,edc-flagged,
Subaru,Outback,SW,105.1,u,4,2005,2009,Legacy,,006430,structural,edc,
Subaru,Outback,SW,107.9,u,4,2010,2012,Legacy,,007070,structural,edc,
Subaru,SVX,2d,102.8,u,4,1992,1997,,,004970,structural,edc,
Subaru,Standard,3d,96.9,u,f,1980,1988,,,001030,structural,edc,
Subaru,XT Coupe,2d,97,u,f,1985,1991,,,001020,structural,edc,
Suzuki,Aerio,4d,97.6,u,f,2002,2007,,,006080,structural,edc,
Suzuki,Aerio,"4d,SW",97.6,u,f,2002,2007,,,006080,structural,edc,
Suzuki,Equator,Pickup,"116.1,129.9",f,"r,4",2009,2012,Nissan Frontier,,006450,structural,edc,
Suzuki,Esteem,"4d,SW",97.6,u,f,1996,2002,,,005510,structural,edc,
Suzuki,Esteem,4d,97.6,u,f,1996,2002,,New,005510,structural,edc,
Suzuki,Forenza,4d,102.4,u,f,2004,2008,Forenza,,005861,structural,edc,
Suzuki,Grand Vitara,SUV,97.6,u,"r,4",1999,2005,,,002200,structural,edc-flagged,
Suzuki,Grand Vitara,SUV,103.9,u,"r,4",2006,2012,,,006560,structural,edc,
Suzuki,Kizashi,4d,,u,f,2010,2012,,,007060,structural,edc,
Suzuki,Reno,5d,102.4,u,f,2005,2008,Forenza,,005861,structural,edc,
Suzuki,SX4,"4d,SW",98.4,u,4,2007,2012,,,006670,structural,edc,
Suzuki,SX4,SW,98.4,u,4,2007,2012,,New,006670,structural,edc,
Suzuki,Samurai,SUV,79.9,u,4,1984,1995,,,004240,structural,edc,
Suzuki,Sidekick,SUV,"86.6,97.6",u,"r,4",1988,1998,Chevrolet Tracker,,002190,structural,edc,
Suzuki,Swift,"3d,5d",89.2,u,f,1989,1994,Geo Metro,,002620,structural,edc-flagged,
Suzuki,Swift,3d,89.2,u,f,1995,2001,Chevrolet Metro,,002630,structural,edc-flagged,
Suzuki,Swift,"3d,5d",89.2,u,f,1995,2001,Geo Metro,New,002630,structural,edc-flagged,
Suzuki,Verona,4d,106.3,u,f,2004,2007,,,005871,structural,edc,
Suzuki,"Vitara, Gr Vitara","SUV2,4","86.6,97.6",u,"r,4",1999,2005,Chevrolet Tracker,,002200,structural,edc-flagged,
Suzuki,"Vitara, Gr Vitara",SUV,97.6,u,"r,4",1999,2005,Chevrolet Tracker,,002200,structural,edc-flagged,
Suzuki,X-90,SUV,86.6,u,"r,4",1996,1998,,,003940,structural,edc,
Suzuki,XL-7,SUV,110.2,u,"r,4",2002,2006,,Stretched Grand Vitara,002200,structural,edc-flagged,
Suzuki,XL-7,SUV4,110.2,u,"r,4",2002,2006,,Stretched Grand Vitara,002200,structural,edc-flagged,
Suzuki,XL-7,SW,112.4,u,"f,4",2007,2009,"Equinox, Torrent",,002180,structural,edc,
Tesla,2d,,,f,r,2009,2012,,Based on Lotus Elise,006830,structural,edc,
Toyota,4Runner,SUV,103,f,4,1984,1989,Pickup(Fr),,001321,structural,edc,
Toyota,4Runner,SUV,103,f,4,1984,1988,Pickup(Fr),,001321,structural,edc,
Toyota,4Runner,SUV,103,f,4,1990,1995,Pickup(Fr),,001331,structural,edc,
Toyota,4Runner,SUV,105.3,f,"r,4",1996,2002,,,004260,structural,edc,
Toyota,4Runner,SUV,109.8,f,"r,4",2003,2009,Lexus GX470,,006180,structural,edc,
Toyota,4Runner,SUV,,f,"r,4",2010,2012,Lexus GX470,,007050,structural,edc,
Toyota,Avalon,4d,107.1,u,f,1995,1999,Camry?,,004881,structural,edc-flagged,
Toyota,Avalon,4d,107.1,u,f,2000,2004,Camry?,,004893,structural,edc,
Toyota,Avalon,4d,111.0,u,f,2005,2012,,,004903,structural,edc,
Toyota,Camry,"4d,5d",102.4,u,f,1983,1987,,,004150,structural,edc,
Toyota,Camry,"4d,5d",102.4,u,f,1987,1991,,,004160,structural,edc,
Toyota,Camry,"2d,4d,SW",103.1,u,f,1992,1996,Lexus ES300,,004880,structural,edc,
Toyota,Camry,4d,103.1,u,f,1992,1996,Lexus ES300,,004880,structural,edc,
Toyota,Camry,4d,105.2,u,f,1997,2001,Lexus ES300,,004890,structural,edc,
Toyota,Camry,"2d,4d",105.2,u,f,1997,2001,Lexus ES300,,004890,structural,edc,
Toyota,Camry,4d,107.1,u,f,2002,2006,Lexus ES330,,004900,structural,edc,
Toyota,Camry,4d,109.3,u,f,2007,2011,Lexus ES350,,004910,structural,edc,
Toyota,Camry,4d,109.3,u,f,2012,2012,Lexus ES350,Restyle,004913,structural,edc,
Toyota,Camry Solara,"2d, Conv",105.2,u,f,1999,2003,Old Camry (97-01),,004892,structural,edc,
Toyota,Camry Solara,2d,105.2,u,f,1999,2003,Camry,2-dr Camry Unique Styling,004892,structural,edc,
Toyota,Camry Solara,"2d, Conv",107.1,u,f,2004,2008,,,004902,structural,edc,
Toyota,Celica,"2d,3d",98.4,u,r,1980,1981,,,001070,structural,edc,
Toyota,Celica,"2d,3d",98.4,u,r,1982,1985,,,001140,structural,edc,
Toyota,Celica,"2d,3d",98.4,u,r,1986,1989,,,001150,structural,edc,
Toyota,Celica,"2d,3d",99.4,u,r,1990,1993,,,001160,structural,edc,
Toyota,Celica,"2d,3d,Cnv",99.9,u,r,1994,1999,,,001170,structural,edc,
Toyota,Celica,3d,102.3,u,r,2000,2005,,,001180,structural,edc,
Toyota,Celica Supra,3d,103.5,u,r,1980,1981,,,001071,structural,edc,
Toyota,Celica Supra,3d,103.5,u,r,1982,1985,,,001141,structural,edc,
Toyota,Celica Supra,3d,103.5,u,r,1986,1992,,,001190,structural,edc,
Toyota,Corolla,"2,3,4d,SW",93.3,u,r,1980,1980,,,001080,structural,edc-flagged,
Toyota,Corolla,"2d,4d,SW",94.5,u,r,1981,1983,,,001080,structural,edc-flagged,
Toyota,Corolla,"2d,4d,SW",94.5,u,f,1984,1987,Chevrolet Nova (NUMMI,,001210,structural,edc-flagged,
Toyota,Corolla,"4d,SW",95.7,u,f,1988,1992,,,001240,structural,edc,
Toyota,Corolla,"2d,4d,SW",95.7,u,f,1988,1992,,New,001240,structural,edc,
Toyota,Corolla,"4d,SW",97,u,f,1993,1997,Geo Prizm,,001250,structural,edc,
Toyota,Corolla,"4d,SW",97,u,f,1998,2002,Chevrolet Prizm,Not New '03 Corolla,001260,structural,edc,
Toyota,Corolla,"4d,SW",102.4,u,f,2003,2008,,,001270,structural,edc,
Toyota,Corolla,4d,102.4,u,f,2009,2012,,,001280,structural,edc,
Toyota,Corolla FX,3d,95.7,u,r,1987,1988,,Old body,001210,structural,edc-flagged,
Toyota,Corolla Sport,"2d,3d",94.5,u,r,1984,1987,,,001220,structural,edc,
Toyota,Corolla Sport,"2d,3d",95.7,u,r,1988,1991,,,001230,structural,edc,
Toyota,"Corolla,FX","3d,4d,5d",94.5,u,r,1984,1987,Chevrolet Nova,New 3d Corolla FX (NUMMI),001210,structural,edc-flagged,
Toyota,Corona,"4d,5d,SW",99.4,u,r,1980,1982,,,001090,structural,edc,
Toyota,Cressida,"4d,SW",104.1,u,r,1980,1980,,,001100,structural,edc,
Toyota,Cressida,"4d,SW",104.1,u,r,1981,1984,,,003830,structural,edc,
Toyota,Cressida,4d,104.1,u,r,1985,1988,,,004040,structural,edc,
Toyota,Cressida,"4d,SW",104.1,u,r,1985,1988,,,004040,structural,edc,
Toyota,Cressida,"4d,SW",105.5,u,r,1989,1992,,,004050,structural,edc,
Toyota,Cressida,4d,105.5,u,r,1989,1992,,New,004050,structural,edc,
Toyota,Echo,"2d,4d",93.3,u,f,2000,2005,,,005920,structural,edc,
Toyota,FJ Cruiser,SUV,105.9,f,4,2007,2012,,,006850,structural,edc,
Toyota,Highlander,SUV,106.9,f,"f,4",2001,2007,RX330,,006020,structural,edc,
Toyota,Highlander,SUV,109.8,f,"f,4",2008,2012,,,006950,structural,edc,
Toyota,Land Cruiser,SUV,107.5,f,4,1980,1990,,,001110,structural,edc,
Toyota,Land Cruiser,SUV,112.2,f,4,1991,1997,,,001290,structural,edc,
Toyota,Land Cruiser,SUV,112.2,f,4,1998,2007,Lexus LX470,,001300,structural,edc,
Toyota,Land Cruiser,SUV,112.2,f,4,2008,2012,Lexus LX570,,001310,structural,edc,
Toyota,MR2,2d,91.3,u,r,1985,1989,,,004300,structural,edc,
Toyota,MR2,2d,94.5,u,r,1991,1995,,,004310,structural,edc,
Toyota,MR2 Spyder,Conv,103.1,u,r,2000,2005,,,005910,structural,edc,
Toyota,MR2 Spyder,conv,103.1,u,r,2000,2005,,New,005910,structural,edc,
Toyota,Matrix,5d,102.4,u,"f,4",2003,2008,Pontiac Vibe,Corolla Chassis,001271,structural,edc,
Toyota,Matrix,5d,102.4,u,"f,4",2009,2010,Pontiac Vibe,Corolla Chassis,001281,structural,edc,
Toyota,Paseo,2d,93.7,u,r,1992,1995,,Tercel Based,003861,structural,edc,
Toyota,Paseo,"2d,Conv",93.7,u,r,1996,1998,,,004960,structural,edc,
Toyota,Pickup,Pickup,"101.8,110.2",f,"r,4",1980,1983,,,001120,structural,edc,
Toyota,Pickup,Pickup,"103,112,122",f,"r,4",1984,1990,,,001320,structural,edc,
Toyota,Pickup,Pickup,"103,112.2",f,"r,4",1984,1988,,,001320,structural,edc,
Toyota,Pickup,Pickup,"103,112,122",f,"r,4",1991,1994,,,001330,structural,edc,
Toyota,Previa,Van,112.8,u,"r,4",1991,1997,,,004860,structural,edc,
Toyota,Prius,4d,100.4,u,f,2001,2003,,,005990,structural,edc,
Toyota,Prius,5d,106.3,u,f,2004,2009,,,006000,structural,edc,
Toyota,Prius,5d,106.3,u,f,2010,2012,,,006010,structural,edc-flagged,
Toyota,Prius V,SW,109.4,u,f,2012,2012,,New SW,006010,structural,edc-flagged,
Toyota,RAV4,SUV,"86.6,94.9",f,"r,4",1996,2000,,,005480,structural,edc,
Toyota,RAV4,SUV,98,u,"r,4",2001,2005,,,005490,structural,edc,
Toyota,RAV4,SUV,104.7,u,"r,4",2006,2012,,,005500,structural,edc,
Toyota,Sequoia,SUV,121.8,f,"r,4",2001,2007,Older Tundra,,005901,structural,edc,
Toyota,Sequoia,SUV,,f,"r,4",2008,2012,Tundra,,006661,structural,edc,
Toyota,Sienna,Van,114.2,f,f,1998,2003,,,005730,structural,edc,
Toyota,Sienna,Van,119.3,u,"f,4",2004,2010,,New Sienna is 2011,005740,structural,edc,
Toyota,Sienna,Van,119.3,u,"f,4",2011,2012,,,007510,structural,edc,
Toyota,Starlet,3d,90.6,u,r,1981,1984,,,003820,structural,edc,
Toyota,Supra,3d,100.4,u,r,1993,1998,,,001200,structural,edc,
Toyota,T100,Pickup,121.8,f,r,1993,1998,,,005140,structural,edc,
Toyota,Tacoma,Pickup,"103.3,121.9",f,"r,4",1995,2004,,,001350,structural,edc,
Toyota,Tacoma,Pickup,"103.3,121.9",f,"r,4",1995,2004,,,001450,structural,edc-flagged,
Toyota,Tacoma,Pickup,"109,127,141",f,"r,4",2005,2012,,,001360,structural,edc,
Toyota,Tercel,"2d,3d",98.4,u,f,1980,1981,,Or Corolla Tercel,001130,structural,edc,
Toyota,Tercel,"3d,5d,SW",95.7,u,f,1982,1986,,,003840,structural,edc,
Toyota,Tercel,"2d,3d",95.7,u,f,1982,1986,,,003840,structural,edc,
Toyota,Tercel,"3d,5d,SW",95.7,u,f,1987,1990,,,003850,structural,edc,
Toyota,Tercel,"3d,4d",93.7,u,f,1991,1994,,,003860,structural,edc,
Toyota,Tercel,"2d,4d",93.7,u,f,1995,1998,,,003870,structural,edc,
Toyota,Tundra,Pickup,121.8,f,"r,4",2000,2006,,,005900,structural,edc,
Toyota,Tundra,Pickup,"131.8,145.7",f,"r,4",2007,2012,,,006660,structural,edc,
Toyota,Van,Van,88,f,r,1984,1989,,,004230,structural,edc,
Toyota,Van,Van,88,f,r,1984,1990,,,004230,structural,edc,
Toyota,Venza,SW,109.3,u,f,2009,2012,Camry?,Essentially a Camry Wagon,004912,structural,edc,
Toyota,Yaris 3d,3d,96.9,u,f,2006,2012,,,006550,structural,edc,
Toyota,Yaris 4d,4d,100.4,u,f,2006,2012,,,006540,structural,edc,
Toyota,Yaris 5d,5d,98.8,u,f,2012,2012,,New,007500,structural,edc,
Volkswagen,Beetle,3d,99.8,u,f,2012,2012,,New,007740,structural,edc,
Volkswagen,CC,4d,106.7,u,"f,4",2009,2012,Older Passat,,006531,structural,edc,
Volkswagen,Cabrio,Conv,97.4,u,f,1994,2002,93-98 Golf III,,001430,structural,edc,
Volkswagen,Cabriolet,Conv,94.5,u,f,1985,1993,,,001380,structural,edc-flagged,
Volkswagen,Corrado,3d,97.3,u,f,1990,1994,,,004710,structural,edc,
Volkswagen,Dasher,"3d,5d,SW",97.2,u,f,1980,1981,,,001370,structural,edc,
Volkswagen,Eos,Conv,101.5,u,f,2007,2012,,Mild restyle,006840,structural,edc,
Volkswagen,EuroVan,Van,115,u,r,1993,2003,,,005130,structural,edc,
Volkswagen,Fox,"2d,4d,SW",92.8,u,f,1987,1993,,,004490,structural,edc,
Volkswagen,Golf,"3d,5d",97.3,u,f,1985,1992,,,001420,structural,edc,
Volkswagen,Golf,"3d,5d",98.9,u,f,1999,2006,,Also GTI,001440,structural,edc,
Volkswagen,Golf,"3d,5d",101.5,u,f,2010,2012,,Also GTI,007040,structural,edc,
Volkswagen,Golf III,"3d,5d",97.4,u,f,1993,1998,,Also GTI,001430,structural,edc,
Volkswagen,Jetta,"2d,4d",94.5,u,f,1980,1984,,,001382,structural,edc,
Volkswagen,Jetta,"2d,4d",97.3,u,f,1985,1992,,,001421,structural,edc,
Volkswagen,Jetta,"4d, SW",98.9,u,f,1999,2005,,,001441,structural,edc,
Volkswagen,Jetta,4d,98.9,u,f,1999,2005,,,001441,structural,edc,
Volkswagen,Jetta,4d,101.5,u,f,2006,2010,,,001451,structural,edc,
Volkswagen,Jetta,4d,104.3,u,f,2011,2012,,Also GLI,007520,structural,edc,
Volkswagen,Jetta III,4d,97.4,u,f,1993,1998,,,001431,structural,edc,
Volkswagen,New Beetle,"2d, Conv",98.9,u,f,1998,2010,,,005720,structural,edc,
Volkswagen,New Beetle,2d,98.9,u,f,1998,2010,,,005720,structural,edc,
Volkswagen,Passat,"5d,SW",103.3,u,f,1990,1997,,,004700,structural,edc,
Volkswagen,Passat,"5d,SW",106.4,u,"f,4",1998,2005,Audi A6(98-04),,001931,structural,edc,
Volkswagen,Passat,"4d,SW",106.7,u,"f,4",2006,2012,,,006530,structural,edc,
Volkswagen,Passat,"5d,SW",106.7,u,"f,4",2006,2012,,,006530,structural,edc,
Volkswagen,Passat,4d,110.4,u,"f,4",2012,2012,,New,007230,structural,edc,
Volkswagen,Phaeton,4d,118,u,f,2004,2006,,,006290,structural,edc,
Volkswagen,Quantum,"2d,4d,SW",100.4,u,f,1982,1988,,,004030,structural,edc,
Volkswagen,Rabbit,"3d,5d",94.5,u,f,1980,1984,,,001380,structural,edc-flagged,
Volkswagen,Rabbit,"3d,5d",98.9,u,f,2007,2009,,Also GTI,001450,structural,edc-flagged,
Volkswagen,Rabbit Pickup,Car/Pckup,103.3,u,f,1980,1983,Rabbit Car(Fr),,001381,structural,edc,
Volkswagen,Routan,Van,121.2,u,f,2009,2012,"Town&Cntry, Caravan",,003780,structural,edc,
Volkswagen,Scirocco,3d,94.5,u,f,1980,1981,,,001390,structural,edc,
Volkswagen,Scirocco,3d,94.5,u,f,1982,1988,,,001391,structural,edc,
Volkswagen,Tiguan,SUV,102.5,u,f,2009,2012,,Golf chassis,006820,structural,edc,
Volkswagen,Touareg,SUV,112.4,u,4,2004,2012,Porsche Cayenne,,001970,structural,edc,
Volkswagen,Vanagon,Van,96.9,u,r,1980,1992,,,001400,structural,edc,
Volvo,240,"4d,SW",104.3,u,r,1980,1993,,,001410,structural,edc,
Volvo,"240,260","2d,4d,SW",104,u,r,1980,1993,,,001410,structural,edc,
Volvo,"240,260(DL,GL)","2d,4d,SW",104,u,r,1980,1993,,,001410,structural,edc,
Volvo,"740,760","4d,SW",109.1,u,r,1983,1998,,,004140,structural,edc,
Volvo,"740,760,780","2d,4d,SW",109.1,u,r,1983,1998,,,004140,structural,edc,
Volvo,"740,940,960","2d,4d,SW",109.1,u,r,1983,1998,,,004140,structural,edc,
Volvo,760,4d,109.1,u,r,1983,1998,,,004140,structural,edc,
Volvo,760 GLE,4d,109.1,u,r,1983,1998,,New,004140,structural,edc,
Volvo,850,"4d,SW",104.9,u,f,1993,2000,,,005120,structural,edc,
Volvo,850,4d,104.9,u,f,1993,2000,,New. Note FWD,005120,structural,edc,
Volvo,940,"2d,4d,SW",109.1,u,r,1983,1998,,,004140,structural,edc,
Volvo,"940,960","2d,4d,SW",109.1,u,r,1983,1998,,,004140,structural,edc,
Volvo,960,4d,109.1,u,r,1995,1998,Older 940/60,,004141,structural,edc,
Volvo,C30,3d,103.9,u,f,2008,2012,,,006420,structural,edc-flagged,
Volvo,C70,Conv,104.9,u,f,1998,2005,,,005710,structural,edc,
Volvo,C70,"2d,Conv",104.9,u,f,1998,2005,,,005710,structural,edc,
Volvo,C70,Conv,103.9,u,f,2006,2012,,,006421,structural,edc,
Volvo,Cross Country,SW(SUV?),108.8,u,4,2002,2012,,Basically a raised V70 Wagon,005980,structural,edc-flagged,
Volvo,"DL,GL","2d,4d,SW",104,u,r,1980,1993,,,001410,structural,edc,
Volvo,"GL,DL","4d,SW",104,u,r,1980,1993,,,001410,structural,edc,
Volvo,"GL,DL","2d,4d,SW",104,u,r,1980,1993,,,001410,structural,edc,
Volvo,"S40,V40","4d,SW",100.9,u,f,2000,2004,,,005890,structural,edc,
Volvo,"S40,V50","4d,SW",100.9,u,f,2005,2011,,,006420,structural,edc-flagged,
Volvo,S60,4d,107,u,f,2001,2009,,,005980,structural,edc-flagged,
Volvo,S60,4d,109.3,u,"f,4",2011,2012,,,007530,structural,edc,
Volvo,"S60, V70","4d, SW","107,108.5",u,f,2001,2009,,,005980,structural,edc-flagged,
Volvo,"S70, V70","4d, SW",104.9,u,f,1993,2000,,Was 850,005120,structural,edc,
Volvo,"S70, V70","2d,4d,Cnv",104.9,u,f,1993,2000,,Was 850,005120,structural,edc,
Volvo,"S70, V70","2d,4d,SW",104.9,u,f,1993,2000,,Was 850,005120,structural,edc,
Volvo,S80,4d,109.9,u,f,1999,2006,,,005810,structural,edc-flagged,
Volvo,S80,4d,111.6,u,f,2007,2012,,,006650,structural,edc-flagged,
Volvo,"S90,V90",4d,109.1,u,r,1995,1998,Older 940/60,Was 960,004141,structural,edc,
Volvo,Spider,Cnv,88.6,u,r,1980,1993,,,000280,structural,edc,
Volvo,"V70,XC70",SW,"108.5,108.8",u,"f,4",2008,2012,S80,,006650,structural,edc-flagged,
Volvo,XC60,SW,109.2,u,4,2009,2012,Land Rover LR2,,006961,structural,edc,
Volvo,XC70,SW,108.8,u,4,2002,2012,,Basically a raised V70 Wagon,005980,structural,edc-flagged,
Volvo,XC70,SW(SUV?),108.8,u,4,2002,2012,,Basically a raised V70 Wagon,005980,structural,edc-flagged,
Volvo,XC90,SW,112.5,u,4,2003,2012,,,005810,structural,edc-flagged,
Yugo,3d,,84.6,u,f,1986,1992,,,004390,structural,edc,
Yugo,"GV,Cabriolet","3d,Cnv",84.6,u,f,1986,1992,,New Convertible,004390,structural,edc,
Yugo,Spider,Cnv,88.6,u,r,1980,1993,,,000280,structural,edc,
